Plant;
SN of Inverter;
Time;Power(W)
28/03/2025 6.54;0
28/03/2025 6.55;0
28/03/2025 6.56;0
28/03/2025 6.57;0
28/03/2025 6.58;0
28/03/2025 6.59;0
28/03/2025 7.00;0
28/03/2025 7.03;0
28/03/2025 7.04;0
28/03/2025 7.05;0
28/03/2025 7.06;0
28/03/2025 7.07;0
28/03/2025 7.08;0
28/03/2025 7.09;0
28/03/2025 7.10;0
28/03/2025 7.11;0
28/03/2025 7.12;0
28/03/2025 7.13;0
28/03/2025 7.14;10
28/03/2025 7.15;15
28/03/2025 7.16;18
28/03/2025 7.17;17
28/03/2025 7.18;20
28/03/2025 7.19;20
28/03/2025 7.20;20
28/03/2025 7.21;24
28/03/2025 7.22;21
28/03/2025 7.23;27
28/03/2025 7.24;28
28/03/2025 7.25;27
28/03/2025 7.26;35
28/03/2025 7.27;37
28/03/2025 7.28;44
28/03/2025 7.29;38
28/03/2025 7.30;38
28/03/2025 7.31;51
28/03/2025 7.32;53
28/03/2025 7.33;52
28/03/2025 7.34;50
28/03/2025 7.35;47
28/03/2025 7.36;47
28/03/2025 7.37;39
28/03/2025 7.38;46
28/03/2025 7.39;57
28/03/2025 7.40;64
28/03/2025 7.41;85
28/03/2025 7.42;92
28/03/2025 7.43;92
28/03/2025 7.44;87
28/03/2025 7.45;84
28/03/2025 7.46;92
28/03/2025 7.47;78
28/03/2025 7.48;68
28/03/2025 7.49;62
28/03/2025 7.50;66
28/03/2025 7.51;90
28/03/2025 7.52;81
28/03/2025 7.53;91
28/03/2025 7.54;93
28/03/2025 7.55;92
28/03/2025 7.56;91
28/03/2025 7.57;101
28/03/2025 7.58;109
28/03/2025 7.59;106
28/03/2025 8.00;93
28/03/2025 8.01;109
28/03/2025 8.02;113
28/03/2025 8.03;120
28/03/2025 8.04;106
28/03/2025 8.05;98
28/03/2025 8.06;94
28/03/2025 8.07;91
28/03/2025 8.08;100
28/03/2025 8.09;113
28/03/2025 8.10;125
28/03/2025 8.11;129
28/03/2025 8.12;118
28/03/2025 8.13;128
28/03/2025 8.14;140
28/03/2025 8.15;158
28/03/2025 8.16;137
28/03/2025 8.17;132
28/03/2025 8.18;134
28/03/2025 8.19;131
28/03/2025 8.20;125
28/03/2025 8.21;130
28/03/2025 8.22;138
28/03/2025 8.23;135
28/03/2025 8.24;148
28/03/2025 8.25;167
28/03/2025 8.26;186
28/03/2025 8.27;171
28/03/2025 8.28;156
28/03/2025 8.29;145
28/03/2025 8.30;174
28/03/2025 8.31;170
28/03/2025 8.32;161
28/03/2025 8.33;187
28/03/2025 8.34;178
28/03/2025 8.35;191
28/03/2025 8.36;198
28/03/2025 8.37;212
28/03/2025 8.38;196
28/03/2025 8.39;208
28/03/2025 8.40;203
28/03/2025 8.41;202
28/03/2025 8.42;187
28/03/2025 8.43;211
28/03/2025 8.44;205
28/03/2025 8.45;224
28/03/2025 8.46;236
28/03/2025 8.47;231
28/03/2025 8.48;242
28/03/2025 8.49;252
28/03/2025 8.50;276
28/03/2025 8.51;293
28/03/2025 8.52;307
28/03/2025 8.53;342
28/03/2025 8.54;333
28/03/2025 8.55;351
28/03/2025 8.56;381
28/03/2025 8.57;355
28/03/2025 8.58;336
28/03/2025 8.59;325
28/03/2025 9.00;321
28/03/2025 9.01;362
28/03/2025 9.02;364
28/03/2025 9.03;343
28/03/2025 9.04;347
28/03/2025 9.05;402
28/03/2025 9.06;339
28/03/2025 9.09;338
28/03/2025 9.10;328
28/03/2025 9.11;360
28/03/2025 9.12;334
28/03/2025 9.13;340
28/03/2025 9.14;364
28/03/2025 9.15;371
28/03/2025 9.16;347
28/03/2025 9.17;356
28/03/2025 9.18;355
28/03/2025 9.19;365
28/03/2025 9.20;378
28/03/2025 9.21;382
28/03/2025 9.22;393
28/03/2025 9.23;416
28/03/2025 9.24;456
28/03/2025 9.25;468
28/03/2025 9.26;421
28/03/2025 9.27;395
28/03/2025 9.28;413
28/03/2025 9.29;432
28/03/2025 9.30;452
28/03/2025 9.31;422
28/03/2025 9.32;418
28/03/2025 9.33;393
28/03/2025 9.34;376
28/03/2025 9.35;382
28/03/2025 9.36;377
28/03/2025 9.37;446
28/03/2025 9.38;443
28/03/2025 9.39;453
28/03/2025 9.40;450
28/03/2025 9.41;477
28/03/2025 9.42;459
28/03/2025 9.43;511
28/03/2025 9.44;506
28/03/2025 9.45;501
28/03/2025 9.46;487
28/03/2025 9.47;538
28/03/2025 9.48;506
28/03/2025 9.49;528
28/03/2025 9.50;542
28/03/2025 9.51;572
28/03/2025 9.52;514
28/03/2025 9.53;498
28/03/2025 9.54;506
28/03/2025 9.55;527
28/03/2025 9.56;548
28/03/2025 9.57;590
28/03/2025 9.58;644
28/03/2025 9.59;675
28/03/2025 10.00;693
28/03/2025 10.01;703
28/03/2025 10.02;736
28/03/2025 10.03;773
28/03/2025 10.04;686
28/03/2025 10.05;651
28/03/2025 10.06;614
28/03/2025 10.07;566
28/03/2025 10.08;642
28/03/2025 10.09;671
28/03/2025 10.10;725
28/03/2025 10.11;753
28/03/2025 10.12;656
28/03/2025 10.13;669
28/03/2025 10.14;736
28/03/2025 10.15;684
28/03/2025 10.16;697
28/03/2025 10.17;624
28/03/2025 10.18;653
28/03/2025 10.19;687
28/03/2025 10.20;732
28/03/2025 10.21;677
28/03/2025 10.22;645
28/03/2025 10.23;718
28/03/2025 10.24;657
28/03/2025 10.25;675
28/03/2025 10.26;786
28/03/2025 10.27;765
28/03/2025 10.28;761
28/03/2025 10.29;818
28/03/2025 10.30;712
28/03/2025 10.31;828
28/03/2025 10.33;817
28/03/2025 10.34;733
28/03/2025 10.35;694
28/03/2025 10.36;731
28/03/2025 10.37;713
28/03/2025 10.38;687
28/03/2025 10.39;672
28/03/2025 10.40;674
28/03/2025 10.41;786
28/03/2025 10.42;794
28/03/2025 10.43;811
28/03/2025 10.44;826
28/03/2025 10.45;868
28/03/2025 10.49;805
28/03/2025 10.50;772
28/03/2025 10.51;829
28/03/2025 10.52;812
28/03/2025 10.53;773
28/03/2025 10.54;781
28/03/2025 10.55;705
28/03/2025 10.56;684
28/03/2025 10.57;739
28/03/2025 10.58;735
28/03/2025 10.59;791
28/03/2025 11.00;730
28/03/2025 11.01;806
28/03/2025 11.02;807
28/03/2025 11.03;735
28/03/2025 11.04;749
28/03/2025 11.05;733
28/03/2025 11.06;681
28/03/2025 11.07;659
28/03/2025 11.08;651
28/03/2025 11.09;615
28/03/2025 11.10;615
28/03/2025 11.11;653
28/03/2025 11.12;687
28/03/2025 11.13;735
28/03/2025 11.14;774
28/03/2025 11.15;734
28/03/2025 11.16;715
28/03/2025 11.17;714
28/03/2025 11.18;711
28/03/2025 11.19;739
28/03/2025 11.20;703
28/03/2025 11.21;746
28/03/2025 11.22;846
28/03/2025 11.23;947
28/03/2025 11.24;948
28/03/2025 11.25;963
28/03/2025 11.26;948
28/03/2025 11.27;1027
28/03/2025 11.28;978
28/03/2025 11.29;980
28/03/2025 11.30;938
28/03/2025 11.31;875
28/03/2025 11.32;839
28/03/2025 11.33;765
28/03/2025 11.34;813
28/03/2025 11.35;803
28/03/2025 11.36;810
28/03/2025 11.37;808
28/03/2025 11.38;768
28/03/2025 11.39;823
28/03/2025 11.40;910
28/03/2025 11.41;865
28/03/2025 11.42;793
28/03/2025 11.43;904
28/03/2025 11.44;868
28/03/2025 11.45;854
28/03/2025 11.46;844
28/03/2025 11.47;848
28/03/2025 11.48;841
28/03/2025 11.49;895
28/03/2025 11.50;954
28/03/2025 11.51;921
28/03/2025 11.52;905
28/03/2025 11.53;974
28/03/2025 11.54;873
28/03/2025 11.55;957
28/03/2025 11.56;942
28/03/2025 11.57;946
28/03/2025 11.58;1103
28/03/2025 11.59;1108
28/03/2025 12.00;1040
28/03/2025 12.01;1079
28/03/2025 12.02;1098
28/03/2025 12.03;1011
28/03/2025 12.04;990
28/03/2025 12.05;1013
28/03/2025 12.06;1083
28/03/2025 12.07;1067
28/03/2025 12.08;1093
28/03/2025 12.09;1098
28/03/2025 12.10;1056
28/03/2025 12.11;1116
28/03/2025 12.12;1116
28/03/2025 12.13;1138
28/03/2025 12.14;1161
28/03/2025 12.15;1229
28/03/2025 12.16;1232
28/03/2025 12.17;1164
28/03/2025 12.18;1256
28/03/2025 12.19;1091
28/03/2025 12.20;1080
28/03/2025 12.21;1099
28/03/2025 12.22;1118
28/03/2025 12.23;1074
28/03/2025 12.24;1008
28/03/2025 12.25;989
28/03/2025 12.26;970
28/03/2025 12.27;1094
28/03/2025 12.28;1074
28/03/2025 12.29;1112
28/03/2025 12.30;1009
28/03/2025 12.31;958
28/03/2025 12.32;930
28/03/2025 12.33;933
28/03/2025 12.34;995
28/03/2025 12.35;922
28/03/2025 12.36;979
28/03/2025 12.37;1059
28/03/2025 12.38;1075
28/03/2025 12.39;1102
28/03/2025 12.40;1133
28/03/2025 12.41;1145
28/03/2025 12.42;1075
28/03/2025 12.43;1225
28/03/2025 12.44;1172
28/03/2025 12.45;1231
28/03/2025 12.46;1335
28/03/2025 12.47;1242
28/03/2025 12.48;1167
28/03/2025 12.49;1109
28/03/2025 12.50;1144
28/03/2025 12.51;1191
28/03/2025 12.52;1102
28/03/2025 12.53;1055
28/03/2025 12.54;1142
28/03/2025 12.55;1175
28/03/2025 12.56;1310
28/03/2025 12.57;1221
28/03/2025 12.58;1259
28/03/2025 12.59;1253
28/03/2025 13.00;1322
28/03/2025 13.01;1320
28/03/2025 13.02;1462
28/03/2025 13.03;1291
28/03/2025 13.04;1372
28/03/2025 13.05;1419
28/03/2025 13.06;1407
28/03/2025 13.07;1323
28/03/2025 13.08;1337
28/03/2025 13.09;1472
28/03/2025 13.10;1399
28/03/2025 13.11;1412
28/03/2025 13.12;1356
28/03/2025 13.13;1450
28/03/2025 13.14;1494
28/03/2025 13.15;1409
28/03/2025 13.16;1385
28/03/2025 13.17;1383
28/03/2025 13.18;1454
28/03/2025 13.19;1494
28/03/2025 13.20;1515
28/03/2025 13.21;1488
28/03/2025 13.22;1549
28/03/2025 13.23;1484
28/03/2025 13.24;1375
28/03/2025 13.25;1454
28/03/2025 13.26;1412
28/03/2025 13.27;1415
28/03/2025 13.28;1364
28/03/2025 13.29;1289
28/03/2025 13.30;1270
28/03/2025 13.31;1339
28/03/2025 13.32;1431
28/03/2025 13.33;1509
28/03/2025 13.34;1435
28/03/2025 13.35;1340
28/03/2025 13.36;1259
28/03/2025 13.37;1274
28/03/2025 13.38;1450
28/03/2025 13.39;1270
28/03/2025 13.40;1341
28/03/2025 13.41;1293
28/03/2025 13.42;1289
28/03/2025 13.43;1181
28/03/2025 13.44;1133
28/03/2025 13.45;1218
28/03/2025 13.46;1352
28/03/2025 13.47;1395
28/03/2025 13.48;1334
28/03/2025 13.49;1460
28/03/2025 13.50;1517
28/03/2025 13.51;1418
28/03/2025 13.52;1455
28/03/2025 13.53;1495
28/03/2025 13.54;1408
28/03/2025 13.55;1378
28/03/2025 13.56;1411
28/03/2025 13.57;1355
28/03/2025 13.58;1222
28/03/2025 13.59;1200
28/03/2025 14.00;1125
28/03/2025 14.01;1193
28/03/2025 14.02;1194
28/03/2025 14.03;1220
28/03/2025 14.04;1235
28/03/2025 14.05;1231
28/03/2025 14.06;1325
28/03/2025 14.07;1440
28/03/2025 14.08;1471
28/03/2025 14.09;1359
28/03/2025 14.10;1318
28/03/2025 14.11;1421
28/03/2025 14.12;1396
28/03/2025 14.13;1376
28/03/2025 14.14;1329
28/03/2025 14.15;1324
28/03/2025 14.16;1202
28/03/2025 14.17;1239
28/03/2025 14.18;1454
28/03/2025 14.19;1310
28/03/2025 14.20;1244
28/03/2025 14.21;1281
28/03/2025 14.22;1307
28/03/2025 14.23;1265
28/03/2025 14.24;1186
28/03/2025 14.25;1372
28/03/2025 14.26;1330
28/03/2025 14.27;1268
28/03/2025 14.28;1221
28/03/2025 14.29;1276
28/03/2025 14.30;1373
28/03/2025 14.31;1386
28/03/2025 14.32;1337
28/03/2025 14.33;1298
28/03/2025 14.34;1312
28/03/2025 14.35;1199
28/03/2025 14.36;1176
28/03/2025 14.37;1257
28/03/2025 14.38;1231
28/03/2025 14.39;1254
28/03/2025 14.40;1234
28/03/2025 14.41;1368
28/03/2025 14.42;1286
28/03/2025 14.43;1255
28/03/2025 14.44;1137
28/03/2025 14.45;1135
28/03/2025 14.46;1196
28/03/2025 14.47;1184
28/03/2025 14.48;1098
28/03/2025 14.49;1065
28/03/2025 14.50;1133
28/03/2025 14.51;1042
28/03/2025 14.52;1059
28/03/2025 14.53;1060
28/03/2025 14.54;1027
28/03/2025 14.55;1065
28/03/2025 14.56;1050
28/03/2025 14.57;1082
28/03/2025 14.58;1097
28/03/2025 14.59;1033
28/03/2025 15.00;1107
28/03/2025 15.01;1109
28/03/2025 15.02;1078
28/03/2025 15.03;1138
28/03/2025 15.04;1059
28/03/2025 15.05;979
28/03/2025 15.06;1008
28/03/2025 15.07;976
28/03/2025 15.08;1007
28/03/2025 15.09;991
28/03/2025 15.10;918
28/03/2025 15.11;909
28/03/2025 15.12;901
28/03/2025 15.13;877
28/03/2025 15.14;953
28/03/2025 15.15;961
28/03/2025 15.16;988
28/03/2025 15.17;902
28/03/2025 15.18;985
28/03/2025 15.19;878
28/03/2025 15.20;808
28/03/2025 15.21;830
28/03/2025 15.22;852
28/03/2025 15.23;935
28/03/2025 15.24;896
28/03/2025 15.25;907
28/03/2025 15.26;873
28/03/2025 15.27;827
28/03/2025 15.28;833
28/03/2025 15.29;804
28/03/2025 15.30;847
28/03/2025 15.31;817
28/03/2025 15.32;838
28/03/2025 15.33;869
28/03/2025 15.34;868
28/03/2025 15.35;829
28/03/2025 15.36;808
28/03/2025 15.37;841
28/03/2025 15.38;845
28/03/2025 15.39;846
28/03/2025 15.40;819
28/03/2025 15.41;877
28/03/2025 15.42;810
28/03/2025 15.43;827
28/03/2025 15.44;856
28/03/2025 15.45;744
28/03/2025 15.46;774
28/03/2025 15.47;780
28/03/2025 15.48;754
28/03/2025 15.49;738
28/03/2025 15.50;814
28/03/2025 15.51;896
28/03/2025 15.52;925
28/03/2025 15.53;846
28/03/2025 15.54;900
28/03/2025 15.55;876
28/03/2025 15.56;802
28/03/2025 15.57;817
28/03/2025 15.58;850
28/03/2025 15.59;826
28/03/2025 16.00;804
28/03/2025 16.01;702
28/03/2025 16.02;752
28/03/2025 16.03;760
28/03/2025 16.04;758
28/03/2025 16.05;759
28/03/2025 16.06;808
28/03/2025 16.07;836
28/03/2025 16.08;770
28/03/2025 16.09;776
28/03/2025 16.10;746
28/03/2025 16.11;800
28/03/2025 16.12;776
28/03/2025 16.13;892
28/03/2025 16.14;757
28/03/2025 16.15;813
28/03/2025 16.16;910
28/03/2025 16.17;1032
28/03/2025 16.18;855
28/03/2025 16.19;785
28/03/2025 16.20;872
28/03/2025 16.21;921
28/03/2025 16.22;839
28/03/2025 16.23;748
28/03/2025 16.24;726
28/03/2025 16.25;790
28/03/2025 16.26;778
28/03/2025 16.27;686
28/03/2025 16.28;713
28/03/2025 16.29;678
28/03/2025 16.30;804
28/03/2025 16.31;819
28/03/2025 16.32;821
28/03/2025 16.33;754
28/03/2025 16.34;657
28/03/2025 16.35;650
28/03/2025 16.36;690
28/03/2025 16.37;672
28/03/2025 16.38;665
28/03/2025 16.39;526
28/03/2025 16.40;557
28/03/2025 16.41;478
28/03/2025 16.42;525
28/03/2025 16.43;583
28/03/2025 16.44;535
28/03/2025 16.45;468
28/03/2025 16.46;395
28/03/2025 16.47;402
28/03/2025 16.48;429
28/03/2025 16.49;522
28/03/2025 16.50;607
28/03/2025 16.51;618
28/03/2025 16.52;631
28/03/2025 16.53;585
28/03/2025 16.54;595
28/03/2025 16.55;519
28/03/2025 16.56;619
28/03/2025 16.57;555
28/03/2025 16.58;505
28/03/2025 16.59;551
28/03/2025 17.00;585
28/03/2025 17.01;604
28/03/2025 17.02;607
28/03/2025 17.03;591
28/03/2025 17.04;632
28/03/2025 17.05;691
28/03/2025 17.06;716
28/03/2025 17.07;830
28/03/2025 17.08;786
28/03/2025 17.09;687
28/03/2025 17.10;706
28/03/2025 17.11;641
28/03/2025 17.12;594
28/03/2025 17.13;570
28/03/2025 17.14;529
28/03/2025 17.15;552
28/03/2025 17.16;519
28/03/2025 17.17;526
28/03/2025 17.18;539
28/03/2025 17.19;491
28/03/2025 17.20;548
28/03/2025 17.21;603
28/03/2025 17.22;605
28/03/2025 17.23;572
28/03/2025 17.24;633
28/03/2025 17.25;590
28/03/2025 17.26;582
28/03/2025 17.27;426
28/03/2025 17.28;494
28/03/2025 17.29;566
28/03/2025 17.30;614
28/03/2025 17.31;613
28/03/2025 17.32;582
28/03/2025 17.33;455
28/03/2025 17.34;543
28/03/2025 17.35;566
28/03/2025 17.36;644
28/03/2025 17.37;635
28/03/2025 17.38;613
28/03/2025 17.39;532
28/03/2025 17.40;510
28/03/2025 17.41;505
28/03/2025 17.42;477
28/03/2025 17.43;473
28/03/2025 17.44;463
28/03/2025 17.45;401
28/03/2025 17.46;357
28/03/2025 17.47;408
28/03/2025 17.48;373
28/03/2025 17.49;420
28/03/2025 17.50;407
28/03/2025 17.51;430
28/03/2025 17.52;354
28/03/2025 17.53;409
28/03/2025 17.54;345
28/03/2025 17.55;362
28/03/2025 17.56;385
28/03/2025 17.57;362
28/03/2025 17.58;362
28/03/2025 17.59;334
28/03/2025 18.00;346
28/03/2025 18.01;344
28/03/2025 18.02;335
28/03/2025 18.03;360
28/03/2025 18.04;323
28/03/2025 18.05;348
28/03/2025 18.06;347
28/03/2025 18.07;376
28/03/2025 18.08;407
28/03/2025 18.09;348
28/03/2025 18.10;366
28/03/2025 18.11;326
28/03/2025 18.12;333
28/03/2025 18.13;328
28/03/2025 18.14;345
28/03/2025 18.15;382
28/03/2025 18.16;362
28/03/2025 18.17;333
28/03/2025 18.18;359
28/03/2025 18.19;315
28/03/2025 18.20;315
28/03/2025 18.22;363
28/03/2025 18.23;393
28/03/2025 18.24;333
28/03/2025 18.25;305
28/03/2025 18.26;362
28/03/2025 18.27;304
28/03/2025 18.28;301
28/03/2025 18.29;322
28/03/2025 18.30;299
28/03/2025 18.31;331
28/03/2025 18.32;301
28/03/2025 18.33;321
28/03/2025 18.34;325
28/03/2025 18.35;310
28/03/2025 18.36;281
28/03/2025 18.37;276
28/03/2025 18.38;273
28/03/2025 18.39;294
28/03/2025 18.40;266
28/03/2025 18.41;222
28/03/2025 18.42;220
28/03/2025 18.43;193
28/03/2025 18.44;223
28/03/2025 18.45;208
28/03/2025 18.46;254
28/03/2025 18.47;260
28/03/2025 18.48;262
28/03/2025 18.49;266
28/03/2025 18.50;283
28/03/2025 18.51;234
28/03/2025 18.52;262
28/03/2025 18.53;253
28/03/2025 18.54;280
28/03/2025 18.55;226
28/03/2025 18.56;315
28/03/2025 18.57;228
28/03/2025 18.58;264
28/03/2025 18.59;284
28/03/2025 19.00;237
28/03/2025 19.01;251
28/03/2025 19.02;204
28/03/2025 19.03;188
28/03/2025 19.04;181
28/03/2025 19.05;177
28/03/2025 19.06;182
28/03/2025 19.07;165
28/03/2025 19.08;174
28/03/2025 19.09;185
28/03/2025 19.10;166
28/03/2025 19.11;142
28/03/2025 19.12;140
28/03/2025 19.13;160
28/03/2025 19.14;146
28/03/2025 19.15;107
28/03/2025 19.16;120
28/03/2025 19.17;124
28/03/2025 19.18;135
28/03/2025 19.19;128
28/03/2025 19.20;107
28/03/2025 19.21;127
28/03/2025 19.22;107
28/03/2025 19.23;100
28/03/2025 19.24;104
28/03/2025 19.25;125
28/03/2025 19.26;127
28/03/2025 19.27;112
28/03/2025 19.28;117
28/03/2025 19.29;124
28/03/2025 19.30;88
28/03/2025 19.31;84
28/03/2025 19.32;79
28/03/2025 19.33;74
28/03/2025 19.34;68
28/03/2025 19.35;53
28/03/2025 19.36;42
28/03/2025 19.37;43
28/03/2025 19.38;44
28/03/2025 19.39;43
28/03/2025 19.40;19
28/03/2025 19.41;17
28/03/2025 19.42;33
28/03/2025 19.43;26
28/03/2025 19.44;21
28/03/2025 19.45;16
28/03/2025 19.46;14
28/03/2025 19.47;12
28/03/2025 19.48;11
28/03/2025 19.49;11
28/03/2025 19.50;9
28/03/2025 19.51;10
28/03/2025 19.52;8
28/03/2025 19.53;9
28/03/2025 19.54;7
28/03/2025 19.55;9
28/03/2025 19.56;7
28/03/2025 19.57;8
28/03/2025 19.58;6
28/03/2025 19.59;4
28/03/2025 20.00;4
28/03/2025 20.01;6
28/03/2025 20.02;4
28/03/2025 20.03;5
28/03/2025 20.04;4
28/03/2025 20.05;5
28/03/2025 20.06;6
28/03/2025 20.07;3
28/03/2025 20.08;4
28/03/2025 20.09;3
28/03/2025 20.10;4
28/03/2025 20.11;4
28/03/2025 20.12;2
28/03/2025 20.13;3
28/03/2025 20.14;1
28/03/2025 20.15;2
28/03/2025 20.16;2
28/03/2025 20.17;2
28/03/2025 20.18;2
28/03/2025 20.19;3
28/03/2025 20.20;1
28/03/2025 20.21;1
28/03/2025 20.22;1
28/03/2025 20.23;2
28/03/2025 20.24;4
28/03/2025 20.25;3
28/03/2025 20.26;3
28/03/2025 20.27;4
28/03/2025 20.28;1
28/03/2025 20.29;2
28/03/2025 20.30;2
28/03/2025 20.31;5
28/03/2025 20.32;4
28/03/2025 20.33;3
28/03/2025 20.34;3
28/03/2025 20.35;3
28/03/2025 20.36;4
28/03/2025 20.37;1
28/03/2025 20.38;4
28/03/2025 20.39;3
28/03/2025 20.40;3
28/03/2025 20.41;3
28/03/2025 20.42;3
28/03/2025 20.43;6
28/03/2025 20.44;2
29/03/2025 6.39;0
29/03/2025 6.40;0
29/03/2025 6.41;0
29/03/2025 6.42;0
29/03/2025 6.43;0
29/03/2025 6.44;14
29/03/2025 6.45;20
29/03/2025 6.46;16
29/03/2025 6.47;23
29/03/2025 6.48;26
29/03/2025 6.49;26
29/03/2025 6.50;33
29/03/2025 6.51;32
29/03/2025 6.52;39
29/03/2025 6.53;44
29/03/2025 6.54;45
29/03/2025 6.55;53
29/03/2025 6.56;54
29/03/2025 6.57;64
29/03/2025 6.58;69
29/03/2025 6.59;72
29/03/2025 7.00;81
29/03/2025 7.01;82
29/03/2025 7.02;92
29/03/2025 7.03;98
29/03/2025 7.04;102
29/03/2025 7.05;112
29/03/2025 7.06;116
29/03/2025 7.07;126
29/03/2025 7.08;130
29/03/2025 7.09;137
29/03/2025 7.10;149
29/03/2025 7.11;152
29/03/2025 7.12;163
29/03/2025 7.13;167
29/03/2025 7.14;180
29/03/2025 7.15;187
29/03/2025 7.16;190
29/03/2025 7.17;205
29/03/2025 7.18;207
29/03/2025 7.19;218
29/03/2025 7.20;225
29/03/2025 7.21;228
29/03/2025 7.22;244
29/03/2025 7.23;246
29/03/2025 7.24;262
29/03/2025 7.25;273
29/03/2025 7.26;279
29/03/2025 7.27;291
29/03/2025 7.28;299
29/03/2025 7.29;307
29/03/2025 7.30;318
29/03/2025 7.31;322
29/03/2025 7.32;339
29/03/2025 7.33;339
29/03/2025 7.34;351
29/03/2025 7.35;364
29/03/2025 7.36;368
29/03/2025 7.37;379
29/03/2025 7.38;386
29/03/2025 7.39;396
29/03/2025 7.40;407
29/03/2025 7.41;413
29/03/2025 7.42;419
29/03/2025 7.43;433
29/03/2025 7.44;441
29/03/2025 7.45;455
29/03/2025 7.46;462
29/03/2025 7.47;470
29/03/2025 7.48;478
29/03/2025 7.49;488
29/03/2025 7.50;488
29/03/2025 7.51;498
29/03/2025 7.52;513
29/03/2025 7.53;511
29/03/2025 7.54;522
29/03/2025 7.55;526
29/03/2025 7.56;547
29/03/2025 7.57;548
29/03/2025 7.58;559
29/03/2025 7.59;570
29/03/2025 8.00;570
29/03/2025 8.01;588
29/03/2025 8.02;595
29/03/2025 8.03;606
29/03/2025 8.04;607
29/03/2025 8.05;619
29/03/2025 8.06;630
29/03/2025 8.07;639
29/03/2025 8.08;647
29/03/2025 8.09;652
29/03/2025 8.10;661
29/03/2025 8.11;671
29/03/2025 8.12;686
29/03/2025 8.13;697
29/03/2025 8.14;712
29/03/2025 8.15;715
29/03/2025 8.16;721
29/03/2025 8.17;727
29/03/2025 8.18;740
29/03/2025 8.19;752
29/03/2025 8.20;766
29/03/2025 8.21;766
29/03/2025 8.22;798
29/03/2025 8.23;820
29/03/2025 8.24;869
29/03/2025 8.25;901
29/03/2025 8.26;930
29/03/2025 8.27;943
29/03/2025 8.28;955
29/03/2025 8.29;991
29/03/2025 8.30;1069
29/03/2025 8.31;1103
29/03/2025 8.32;1220
29/03/2025 8.33;1369
29/03/2025 8.34;1410
29/03/2025 8.35;1453
29/03/2025 8.36;1472
29/03/2025 8.37;1512
29/03/2025 8.38;1556
29/03/2025 8.39;1570
29/03/2025 8.40;1608
29/03/2025 8.41;1643
29/03/2025 8.42;1678
29/03/2025 8.43;1735
29/03/2025 8.44;1779
29/03/2025 8.45;1793
29/03/2025 8.46;1837
29/03/2025 8.47;1858
29/03/2025 8.48;1893
29/03/2025 8.49;1914
29/03/2025 8.50;1907
29/03/2025 8.51;1968
29/03/2025 8.52;2028
29/03/2025 8.53;2007
29/03/2025 8.54;2044
29/03/2025 8.55;1993
29/03/2025 8.56;2095
29/03/2025 8.57;2126
29/03/2025 8.58;2154
29/03/2025 8.59;2199
29/03/2025 9.00;2273
29/03/2025 9.01;2357
29/03/2025 9.02;2284
29/03/2025 9.03;2348
29/03/2025 9.04;2179
29/03/2025 9.05;2451
29/03/2025 9.06;2368
29/03/2025 9.07;2451
29/03/2025 9.08;2475
29/03/2025 9.09;2489
29/03/2025 9.10;2599
29/03/2025 9.11;2675
29/03/2025 9.12;2650
29/03/2025 9.13;2688
29/03/2025 9.14;2786
29/03/2025 9.15;2785
29/03/2025 9.16;2751
29/03/2025 9.17;2874
29/03/2025 9.18;3106
29/03/2025 9.19;3124
29/03/2025 9.20;3126
29/03/2025 9.21;3140
29/03/2025 9.22;3129
29/03/2025 9.23;3131
29/03/2025 9.24;3234
29/03/2025 9.25;3427
29/03/2025 9.26;3364
29/03/2025 9.27;3317
29/03/2025 9.28;3334
29/03/2025 9.29;3454
29/03/2025 9.30;3636
29/03/2025 9.31;3595
29/03/2025 9.32;3493
29/03/2025 9.33;3642
29/03/2025 9.34;3667
29/03/2025 9.35;3569
29/03/2025 9.36;3746
29/03/2025 9.37;3755
29/03/2025 9.38;3857
29/03/2025 9.39;3874
29/03/2025 9.40;3984
29/03/2025 9.41;3834
29/03/2025 9.42;4043
29/03/2025 9.43;4077
29/03/2025 9.44;4855
29/03/2025 9.45;4430
29/03/2025 9.46;4303
29/03/2025 9.47;4790
29/03/2025 9.48;4742
29/03/2025 9.49;4442
29/03/2025 9.50;4384
29/03/2025 9.51;4751
29/03/2025 9.52;5038
29/03/2025 9.53;4851
29/03/2025 9.54;4836
29/03/2025 9.55;4796
29/03/2025 9.56;4621
29/03/2025 9.57;4823
29/03/2025 9.58;5233
29/03/2025 9.59;4990
29/03/2025 10.00;5190
29/03/2025 10.01;5367
29/03/2025 10.02;5313
29/03/2025 10.03;2118
29/03/2025 10.04;5378
29/03/2025 10.05;5342
29/03/2025 10.06;5833
29/03/2025 10.07;5153
29/03/2025 10.08;5310
29/03/2025 10.09;5495
29/03/2025 10.10;5707
29/03/2025 10.11;3735
29/03/2025 10.12;4450
29/03/2025 10.13;5539
29/03/2025 10.14;4891
29/03/2025 10.15;5918
29/03/2025 10.16;5876
29/03/2025 10.17;6003
29/03/2025 10.18;5875
29/03/2025 10.19;5972
29/03/2025 10.20;6051
29/03/2025 10.21;4581
29/03/2025 10.22;6391
29/03/2025 10.23;6464
29/03/2025 10.24;4463
29/03/2025 10.25;6327
29/03/2025 10.26;6320
29/03/2025 10.27;6450
29/03/2025 10.28;6274
29/03/2025 10.29;6389
29/03/2025 10.30;6549
29/03/2025 10.31;6503
29/03/2025 10.32;6630
29/03/2025 10.33;6788
29/03/2025 10.34;6787
29/03/2025 10.35;6854
29/03/2025 10.36;6914
29/03/2025 10.37;6990
29/03/2025 10.38;6986
29/03/2025 10.39;6962
29/03/2025 10.40;7137
29/03/2025 10.41;7125
29/03/2025 10.42;7049
29/03/2025 10.43;7218
29/03/2025 10.44;7227
29/03/2025 10.45;7347
29/03/2025 10.46;7383
29/03/2025 10.47;7426
29/03/2025 10.48;7424
29/03/2025 10.49;7606
29/03/2025 10.50;7580
29/03/2025 10.51;7689
29/03/2025 10.52;7893
29/03/2025 10.53;7757
29/03/2025 10.54;7908
29/03/2025 10.55;7831
29/03/2025 10.56;8118
29/03/2025 10.57;8028
29/03/2025 10.58;7964
29/03/2025 10.59;8194
29/03/2025 11.00;8084
29/03/2025 11.01;8213
29/03/2025 11.02;8259
29/03/2025 11.03;8390
29/03/2025 11.04;8333
29/03/2025 11.05;8419
29/03/2025 11.06;8245
29/03/2025 11.07;8478
29/03/2025 11.08;8543
29/03/2025 11.09;8642
29/03/2025 11.10;8693
29/03/2025 11.11;8584
29/03/2025 11.12;8533
29/03/2025 11.13;8790
29/03/2025 11.14;8738
29/03/2025 11.15;8774
29/03/2025 11.16;8903
29/03/2025 11.17;8971
29/03/2025 11.18;9057
29/03/2025 11.19;9056
29/03/2025 11.20;8996
29/03/2025 11.21;9038
29/03/2025 11.22;9232
29/03/2025 11.23;9128
29/03/2025 11.24;9297
29/03/2025 11.25;9250
29/03/2025 11.26;9292
29/03/2025 11.27;9439
29/03/2025 11.28;9428
29/03/2025 11.29;9399
29/03/2025 11.30;9397
29/03/2025 11.31;9534
29/03/2025 11.32;9601
29/03/2025 11.33;9563
29/03/2025 11.34;9618
29/03/2025 11.35;9751
29/03/2025 11.36;9685
29/03/2025 11.37;9727
29/03/2025 11.38;9641
29/03/2025 11.39;9752
29/03/2025 11.40;9770
29/03/2025 11.41;9638
29/03/2025 11.42;9888
29/03/2025 11.43;9926
29/03/2025 11.44;10025
29/03/2025 11.45;10030
29/03/2025 11.46;10015
29/03/2025 11.47;9953
29/03/2025 11.48;10007
29/03/2025 11.49;10074
29/03/2025 11.50;10136
29/03/2025 11.51;10109
29/03/2025 11.52;10126
29/03/2025 11.53;10138
29/03/2025 11.54;10116
29/03/2025 11.55;10182
29/03/2025 11.56;10187
29/03/2025 11.57;10306
29/03/2025 11.58;10332
29/03/2025 11.59;10410
29/03/2025 12.00;10551
29/03/2025 12.01;10551
29/03/2025 12.02;10613
29/03/2025 12.03;10594
29/03/2025 12.04;10654
29/03/2025 12.05;10720
29/03/2025 12.06;10730
29/03/2025 12.07;10670
29/03/2025 12.08;10656
29/03/2025 12.09;10772
29/03/2025 12.10;10635
29/03/2025 12.11;10684
29/03/2025 12.12;10692
29/03/2025 12.13;10776
29/03/2025 12.14;10778
29/03/2025 12.15;10638
29/03/2025 12.16;10605
29/03/2025 12.17;9820
29/03/2025 12.18;10637
29/03/2025 12.19;10832
29/03/2025 12.20;10939
29/03/2025 12.21;10917
29/03/2025 12.22;11024
29/03/2025 12.23;11057
29/03/2025 12.24;11059
29/03/2025 12.25;11103
29/03/2025 12.26;11035
29/03/2025 12.27;11021
29/03/2025 12.28;11100
29/03/2025 12.29;11119
29/03/2025 12.30;11142
29/03/2025 12.31;11188
29/03/2025 12.32;11160
29/03/2025 12.33;11127
29/03/2025 12.34;11156
29/03/2025 12.35;11153
29/03/2025 12.36;11174
29/03/2025 12.37;11164
29/03/2025 12.38;11223
29/03/2025 12.39;11349
29/03/2025 12.40;11350
29/03/2025 12.41;11409
29/03/2025 12.42;11435
29/03/2025 12.43;11510
29/03/2025 12.44;11511
29/03/2025 12.45;11532
29/03/2025 12.46;11592
29/03/2025 12.47;11602
29/03/2025 12.48;11595
29/03/2025 12.49;11616
29/03/2025 12.50;11674
29/03/2025 12.51;11672
29/03/2025 12.52;11687
29/03/2025 12.53;11720
29/03/2025 12.54;11671
29/03/2025 12.55;11739
29/03/2025 12.56;11731
29/03/2025 12.57;11797
29/03/2025 12.58;11626
29/03/2025 13.00;11708
29/03/2025 13.01;11801
29/03/2025 13.02;11807
29/03/2025 13.03;11794
29/03/2025 13.04;11806
29/03/2025 13.05;11772
29/03/2025 13.06;11774
29/03/2025 13.07;11816
29/03/2025 13.08;11824
29/03/2025 13.09;11812
29/03/2025 13.10;11722
29/03/2025 13.11;11843
29/03/2025 13.12;11918
29/03/2025 13.13;11943
29/03/2025 13.14;12031
29/03/2025 13.15;12009
29/03/2025 13.16;11976
29/03/2025 13.17;11969
29/03/2025 13.18;12020
29/03/2025 13.19;11990
29/03/2025 13.20;11964
29/03/2025 13.21;12043
29/03/2025 13.22;12009
29/03/2025 13.23;11995
29/03/2025 13.24;12057
29/03/2025 13.25;12054
29/03/2025 13.26;12055
29/03/2025 13.27;12107
29/03/2025 13.28;12129
29/03/2025 13.29;12132
29/03/2025 13.30;12181
29/03/2025 13.31;12063
29/03/2025 13.32;12112
29/03/2025 13.33;12157
29/03/2025 13.34;12108
29/03/2025 13.35;12093
29/03/2025 13.36;12191
29/03/2025 13.37;12142
29/03/2025 13.38;12169
29/03/2025 13.39;12184
29/03/2025 13.40;12156
29/03/2025 13.41;12102
29/03/2025 13.42;12175
29/03/2025 13.43;12048
29/03/2025 13.44;12140
29/03/2025 13.45;12147
29/03/2025 13.46;12172
29/03/2025 13.47;12084
29/03/2025 13.48;12121
29/03/2025 13.49;12121
29/03/2025 13.50;12114
29/03/2025 13.51;12102
29/03/2025 13.52;12146
29/03/2025 13.53;12103
29/03/2025 13.54;12048
29/03/2025 13.55;12061
29/03/2025 13.56;12045
29/03/2025 13.57;11854
29/03/2025 13.58;11945
29/03/2025 13.59;11853
29/03/2025 14.00;11842
29/03/2025 14.01;11755
29/03/2025 14.02;11741
29/03/2025 14.03;11635
29/03/2025 14.04;11572
29/03/2025 14.05;11532
29/03/2025 14.06;11534
29/03/2025 14.07;11451
29/03/2025 14.08;11376
29/03/2025 14.09;11276
29/03/2025 14.10;11187
29/03/2025 14.11;11134
29/03/2025 14.12;11110
29/03/2025 14.13;11006
29/03/2025 14.14;10967
29/03/2025 14.15;10845
29/03/2025 14.16;10820
29/03/2025 14.17;10804
29/03/2025 14.18;10727
29/03/2025 14.19;10671
29/03/2025 14.20;10594
29/03/2025 14.21;10560
29/03/2025 14.22;10542
29/03/2025 14.23;10495
29/03/2025 14.24;10465
29/03/2025 14.25;10376
29/03/2025 14.26;10291
29/03/2025 14.27;10247
29/03/2025 14.28;10194
29/03/2025 14.29;10152
29/03/2025 14.30;10076
29/03/2025 14.31;10017
29/03/2025 14.32;10023
29/03/2025 14.33;10002
29/03/2025 14.34;9976
29/03/2025 14.35;9964
29/03/2025 14.36;9952
29/03/2025 14.37;9952
29/03/2025 14.38;9916
29/03/2025 14.39;9906
29/03/2025 14.40;9850
29/03/2025 14.41;9904
29/03/2025 14.42;9895
29/03/2025 14.43;9891
29/03/2025 14.44;9893
29/03/2025 14.45;9862
29/03/2025 14.46;9893
29/03/2025 14.47;9900
29/03/2025 14.48;9890
29/03/2025 14.49;9945
29/03/2025 14.50;9969
29/03/2025 14.51;9960
29/03/2025 14.52;10015
29/03/2025 14.53;10080
29/03/2025 14.54;10052
29/03/2025 14.55;10036
29/03/2025 14.56;10080
29/03/2025 14.57;10161
29/03/2025 14.58;10173
29/03/2025 14.59;10183
29/03/2025 15.00;10244
29/03/2025 15.01;10282
29/03/2025 15.02;10247
29/03/2025 15.03;10299
29/03/2025 15.04;10381
29/03/2025 15.05;10375
29/03/2025 15.06;10430
29/03/2025 15.07;10317
29/03/2025 15.08;10510
29/03/2025 15.09;10534
29/03/2025 15.10;10555
29/03/2025 15.11;10509
29/03/2025 15.12;10518
29/03/2025 15.13;10523
29/03/2025 15.14;10586
29/03/2025 15.15;10662
29/03/2025 15.16;10667
29/03/2025 15.17;10648
29/03/2025 15.18;10670
29/03/2025 15.19;10737
29/03/2025 15.20;10688
29/03/2025 15.21;10676
29/03/2025 15.22;10708
29/03/2025 15.23;10643
29/03/2025 15.24;10430
29/03/2025 15.25;10638
29/03/2025 15.26;10670
29/03/2025 15.27;10680
29/03/2025 15.28;10530
29/03/2025 15.29;10512
29/03/2025 15.30;10529
29/03/2025 15.31;10562
29/03/2025 15.32;10237
29/03/2025 15.33;10442
29/03/2025 15.34;10388
29/03/2025 15.35;10333
29/03/2025 15.36;9936
29/03/2025 15.37;10249
29/03/2025 15.38;10250
29/03/2025 15.39;10071
29/03/2025 15.40;10020
29/03/2025 15.41;10055
29/03/2025 15.42;9904
29/03/2025 15.43;9809
29/03/2025 15.44;9846
29/03/2025 15.45;9890
29/03/2025 15.46;9755
29/03/2025 15.47;9322
29/03/2025 15.48;9202
29/03/2025 15.49;8971
29/03/2025 15.50;8296
29/03/2025 15.51;8570
29/03/2025 15.52;8313
29/03/2025 15.53;8391
29/03/2025 15.54;8620
29/03/2025 15.55;8529
29/03/2025 15.56;8441
29/03/2025 15.57;8438
29/03/2025 15.58;8481
29/03/2025 15.59;8605
29/03/2025 16.00;8570
29/03/2025 16.01;8492
29/03/2025 16.02;8434
29/03/2025 16.03;8629
29/03/2025 16.04;8416
29/03/2025 16.05;8707
29/03/2025 16.06;8480
29/03/2025 16.07;8340
29/03/2025 16.08;8632
29/03/2025 16.09;8380
29/03/2025 16.10;8191
29/03/2025 16.11;8382
29/03/2025 16.12;8566
29/03/2025 16.13;8663
29/03/2025 16.14;8582
29/03/2025 16.15;8488
29/03/2025 16.16;8189
29/03/2025 16.17;8080
29/03/2025 16.18;7778
29/03/2025 16.19;7113
29/03/2025 16.20;7075
29/03/2025 16.21;7046
29/03/2025 16.22;6977
29/03/2025 16.23;6965
29/03/2025 16.24;6591
29/03/2025 16.25;5338
29/03/2025 16.26;4864
29/03/2025 16.27;4254
29/03/2025 16.28;5861
29/03/2025 16.29;5307
29/03/2025 16.30;6185
29/03/2025 16.31;7197
29/03/2025 16.32;7620
29/03/2025 16.33;7616
29/03/2025 16.34;7132
29/03/2025 16.35;7141
29/03/2025 16.36;7601
29/03/2025 16.37;7390
29/03/2025 16.38;7374
29/03/2025 16.39;7270
29/03/2025 16.40;6873
29/03/2025 16.41;6845
29/03/2025 16.42;6806
29/03/2025 16.43;7099
29/03/2025 16.44;6903
29/03/2025 16.45;6853
29/03/2025 16.46;7097
29/03/2025 16.47;6594
29/03/2025 16.48;6432
29/03/2025 16.49;6510
29/03/2025 16.50;6716
29/03/2025 16.51;6564
29/03/2025 16.52;6766
29/03/2025 16.53;6681
29/03/2025 16.54;6562
29/03/2025 16.55;7004
29/03/2025 16.56;7023
29/03/2025 16.57;6773
29/03/2025 16.58;6362
29/03/2025 16.59;5796
29/03/2025 17.00;5483
29/03/2025 17.01;5041
29/03/2025 17.02;5020
29/03/2025 17.03;4820
29/03/2025 17.04;4706
29/03/2025 17.05;4669
29/03/2025 17.06;4418
29/03/2025 17.07;4107
29/03/2025 17.08;3944
29/03/2025 17.09;3775
29/03/2025 17.10;3848
29/03/2025 17.11;3897
29/03/2025 17.12;3815
29/03/2025 17.13;3766
29/03/2025 17.14;3569
29/03/2025 17.15;3515
29/03/2025 17.16;3086
29/03/2025 17.17;2746
29/03/2025 17.18;2531
29/03/2025 17.19;2307
29/03/2025 17.20;2212
29/03/2025 17.21;2213
29/03/2025 17.22;1979
29/03/2025 17.23;1814
29/03/2025 17.24;1601
29/03/2025 17.25;1500
29/03/2025 17.26;1599
29/03/2025 17.27;1610
29/03/2025 17.28;1636
29/03/2025 17.29;1691
29/03/2025 17.30;1671
29/03/2025 17.31;1652
29/03/2025 17.32;1637
29/03/2025 17.33;1603
29/03/2025 17.34;1598
29/03/2025 17.35;1585
29/03/2025 17.36;1566
29/03/2025 17.37;1576
29/03/2025 17.38;1579
29/03/2025 17.39;1575
29/03/2025 17.40;1567
29/03/2025 17.41;1551
29/03/2025 17.42;1532
29/03/2025 17.43;1513
29/03/2025 17.44;1512
29/03/2025 17.45;1480
29/03/2025 17.46;1458
29/03/2025 17.47;1432
29/03/2025 17.48;1414
29/03/2025 17.49;1444
29/03/2025 17.50;1461
29/03/2025 17.51;1476
29/03/2025 17.52;1452
29/03/2025 17.53;1437
29/03/2025 17.54;1438
29/03/2025 17.55;1451
29/03/2025 17.56;1463
29/03/2025 17.57;1471
29/03/2025 17.58;1452
29/03/2025 17.59;1447
29/03/2025 18.00;1442
29/03/2025 18.01;1459
29/03/2025 18.02;1466
29/03/2025 18.03;1475
29/03/2025 18.04;1497
29/03/2025 18.05;1527
29/03/2025 18.06;1567
29/03/2025 18.07;1564
29/03/2025 18.08;1533
29/03/2025 18.09;1530
29/03/2025 18.10;1528
29/03/2025 18.11;1535
29/03/2025 18.12;1522
29/03/2025 18.13;1482
29/03/2025 18.14;1466
29/03/2025 18.15;1444
29/03/2025 18.16;1426
29/03/2025 18.17;1398
29/03/2025 18.18;1374
29/03/2025 18.19;1343
29/03/2025 18.20;1314
29/03/2025 18.21;1285
29/03/2025 18.22;1264
29/03/2025 18.23;1225
29/03/2025 18.24;1204
29/03/2025 18.25;1174
29/03/2025 18.26;1138
29/03/2025 18.27;1107
29/03/2025 18.28;1079
29/03/2025 18.29;1056
29/03/2025 18.30;1033
29/03/2025 18.31;1016
29/03/2025 18.32;993
29/03/2025 18.33;983
29/03/2025 18.34;987
29/03/2025 18.35;984
29/03/2025 18.36;968
29/03/2025 18.37;947
29/03/2025 18.38;923
29/03/2025 18.39;903
29/03/2025 18.40;886
29/03/2025 18.41;873
29/03/2025 18.42;862
29/03/2025 18.43;855
29/03/2025 18.44;852
29/03/2025 18.45;843
29/03/2025 18.46;829
29/03/2025 18.47;829
29/03/2025 18.48;819
29/03/2025 18.49;804
29/03/2025 18.50;786
29/03/2025 18.51;773
29/03/2025 18.52;756
29/03/2025 18.53;745
29/03/2025 18.54;734
29/03/2025 18.55;714
29/03/2025 18.56;700
29/03/2025 18.57;686
29/03/2025 18.58;670
29/03/2025 18.59;650
29/03/2025 19.00;631
29/03/2025 19.01;608
29/03/2025 19.02;590
29/03/2025 19.03;571
29/03/2025 19.04;554
29/03/2025 19.05;540
29/03/2025 19.06;527
29/03/2025 19.07;516
29/03/2025 19.08;505
29/03/2025 19.09;494
29/03/2025 19.10;482
29/03/2025 19.11;465
29/03/2025 19.12;445
29/03/2025 19.13;428
29/03/2025 19.14;420
29/03/2025 19.15;403
29/03/2025 19.16;390
29/03/2025 19.17;374
29/03/2025 19.18;358
29/03/2025 19.19;339
29/03/2025 19.20;325
29/03/2025 19.21;308
29/03/2025 19.22;290
29/03/2025 19.23;275
29/03/2025 19.24;258
29/03/2025 19.25;245
29/03/2025 19.26;231
29/03/2025 19.27;218
29/03/2025 19.28;205
29/03/2025 19.29;194
29/03/2025 19.30;184
29/03/2025 19.31;174
29/03/2025 19.32;163
29/03/2025 19.33;154
29/03/2025 19.34;144
29/03/2025 19.35;134
29/03/2025 19.36;124
29/03/2025 19.37;116
29/03/2025 19.38;108
29/03/2025 19.39;99
29/03/2025 19.40;92
29/03/2025 19.41;85
29/03/2025 19.42;78
29/03/2025 19.43;71
29/03/2025 19.44;66
29/03/2025 19.45;57
29/03/2025 19.46;52
29/03/2025 19.47;47
29/03/2025 19.48;43
29/03/2025 19.49;38
29/03/2025 19.50;33
29/03/2025 19.51;30
29/03/2025 19.52;26
29/03/2025 19.53;23
29/03/2025 19.54;21
29/03/2025 19.55;20
29/03/2025 19.56;18
29/03/2025 19.57;16
29/03/2025 19.58;15
29/03/2025 19.59;14
29/03/2025 20.00;13
29/03/2025 20.01;10
29/03/2025 20.02;11
29/03/2025 20.03;11
29/03/2025 20.04;12
29/03/2025 20.05;8
29/03/2025 20.06;9
29/03/2025 20.07;10
29/03/2025 20.08;8
29/03/2025 20.09;10
29/03/2025 20.10;10
29/03/2025 20.11;7
29/03/2025 20.12;8
29/03/2025 20.13;7
29/03/2025 20.14;7
29/03/2025 20.15;5
29/03/2025 20.16;4
29/03/2025 20.17;4
29/03/2025 20.18;6
29/03/2025 20.19;5
29/03/2025 20.20;5
29/03/2025 20.21;3
29/03/2025 20.22;3
29/03/2025 20.23;3
29/03/2025 20.24;4
29/03/2025 20.25;5
29/03/2025 20.26;3
29/03/2025 20.27;3
29/03/2025 20.28;3
29/03/2025 20.29;2
29/03/2025 20.30;2
29/03/2025 20.31;2
29/03/2025 20.32;2
29/03/2025 20.33;2
29/03/2025 20.34;2
29/03/2025 20.35;0
29/03/2025 20.36;0
29/03/2025 20.37;1
29/03/2025 20.38;0
29/03/2025 20.39;2
29/03/2025 20.40;1
29/03/2025 20.41;1
29/03/2025 20.42;3
29/03/2025 20.43;1
29/03/2025 20.44;1
29/03/2025 20.45;1
29/03/2025 20.46;4
29/03/2025 20.47;4
29/03/2025 20.48;2
29/03/2025 20.49;2
29/03/2025 20.50;0
30/03/2025 6.38;0
30/03/2025 6.39;0
30/03/2025 6.40;0
30/03/2025 6.41;0
30/03/2025 6.42;0
30/03/2025 6.43;0
30/03/2025 6.44;17
30/03/2025 6.45;14
30/03/2025 6.46;20
30/03/2025 6.47;21
30/03/2025 6.48;17
30/03/2025 6.49;20
30/03/2025 6.50;18
30/03/2025 6.51;22
30/03/2025 6.52;23
30/03/2025 6.53;22
30/03/2025 6.54;28
30/03/2025 6.55;25
30/03/2025 6.56;33
30/03/2025 6.57;34
30/03/2025 6.58;33
30/03/2025 6.59;39
30/03/2025 7.00;37
30/03/2025 7.01;44
30/03/2025 7.02;49
30/03/2025 7.03;49
30/03/2025 7.04;59
30/03/2025 7.05;59
30/03/2025 7.06;65
30/03/2025 7.07;66
30/03/2025 7.08;68
30/03/2025 7.09;73
30/03/2025 7.10;70
30/03/2025 7.11;73
30/03/2025 7.12;73
30/03/2025 7.13;73
30/03/2025 7.14;81
30/03/2025 7.15;79
30/03/2025 7.16;85
30/03/2025 7.17;82
30/03/2025 7.18;82
30/03/2025 7.19;83
30/03/2025 7.20;80
30/03/2025 7.21;84
30/03/2025 7.22;79
30/03/2025 7.23;77
30/03/2025 7.24;79
30/03/2025 7.25;78
30/03/2025 7.26;82
30/03/2025 7.27;83
30/03/2025 7.28;81
30/03/2025 7.29;86
30/03/2025 7.30;82
30/03/2025 7.31;82
30/03/2025 7.32;85
30/03/2025 7.33;83
30/03/2025 7.34;92
30/03/2025 7.35;95
30/03/2025 7.36;98
30/03/2025 7.37;106
30/03/2025 7.38;110
30/03/2025 7.39;117
30/03/2025 7.40;129
30/03/2025 7.41;132
30/03/2025 7.42;141
30/03/2025 7.43;156
30/03/2025 7.44;163
30/03/2025 7.45;175
30/03/2025 7.46;185
30/03/2025 7.47;186
30/03/2025 7.48;190
30/03/2025 7.49;198
30/03/2025 7.50;195
30/03/2025 7.51;193
30/03/2025 7.52;202
30/03/2025 7.53;204
30/03/2025 7.54;218
30/03/2025 7.55;242
30/03/2025 7.56;260
30/03/2025 7.57;285
30/03/2025 7.58;311
30/03/2025 7.59;343
30/03/2025 8.00;368
30/03/2025 8.01;398
30/03/2025 8.02;430
30/03/2025 8.03;454
30/03/2025 8.04;470
30/03/2025 8.05;483
30/03/2025 8.06;494
30/03/2025 8.07;505
30/03/2025 8.08;520
30/03/2025 8.09;535
30/03/2025 8.10;547
30/03/2025 8.11;560
30/03/2025 8.12;568
30/03/2025 8.13;580
30/03/2025 8.14;592
30/03/2025 8.15;601
30/03/2025 8.16;613
30/03/2025 8.17;629
30/03/2025 8.18;663
30/03/2025 8.19;690
30/03/2025 8.20;721
30/03/2025 8.21;738
30/03/2025 8.22;750
30/03/2025 8.23;763
30/03/2025 8.24;783
30/03/2025 8.25;789
30/03/2025 8.26;798
30/03/2025 8.27;786
30/03/2025 8.28;756
30/03/2025 8.29;736
30/03/2025 8.30;707
30/03/2025 8.31;679
30/03/2025 8.32;648
30/03/2025 8.33;621
30/03/2025 8.34;605
30/03/2025 8.35;597
30/03/2025 8.36;594
30/03/2025 8.37;596
30/03/2025 8.38;599
30/03/2025 8.39;599
30/03/2025 8.40;601
30/03/2025 8.41;596
30/03/2025 8.42;584
30/03/2025 8.43;572
30/03/2025 8.44;568
30/03/2025 8.45;571
30/03/2025 8.46;578
30/03/2025 8.47;598
30/03/2025 8.48;629
30/03/2025 8.49;666
30/03/2025 8.50;694
30/03/2025 8.51;722
30/03/2025 8.52;735
30/03/2025 8.53;754
30/03/2025 8.54;759
30/03/2025 8.55;762
30/03/2025 8.56;779
30/03/2025 8.57;803
30/03/2025 8.58;813
30/03/2025 8.59;808
30/03/2025 9.00;805
30/03/2025 9.01;807
30/03/2025 9.02;823
30/03/2025 9.04;835
30/03/2025 9.05;856
30/03/2025 9.06;874
30/03/2025 9.07;886
30/03/2025 9.08;893
30/03/2025 9.09;902
30/03/2025 9.10;905
30/03/2025 9.11;916
30/03/2025 9.12;938
30/03/2025 9.13;932
30/03/2025 9.14;900
30/03/2025 9.15;853
30/03/2025 9.16;805
30/03/2025 9.17;777
30/03/2025 9.18;786
30/03/2025 9.19;820
30/03/2025 9.20;868
30/03/2025 9.21;927
30/03/2025 9.22;971
30/03/2025 9.23;967
30/03/2025 9.24;931
30/03/2025 9.25;875
30/03/2025 9.26;814
30/03/2025 9.27;773
30/03/2025 9.28;748
30/03/2025 9.29;729
30/03/2025 9.30;730
30/03/2025 9.31;739
30/03/2025 9.32;760
30/03/2025 9.33;785
30/03/2025 9.34;810
30/03/2025 9.35;860
30/03/2025 9.36;925
30/03/2025 9.37;989
30/03/2025 9.38;1051
30/03/2025 9.39;1113
30/03/2025 9.40;1163
30/03/2025 9.41;1164
30/03/2025 9.42;1147
30/03/2025 9.43;1185
30/03/2025 9.44;1134
30/03/2025 9.45;1073
30/03/2025 9.46;1006
30/03/2025 9.47;950
30/03/2025 9.48;894
30/03/2025 9.49;878
30/03/2025 9.50;881
30/03/2025 9.51;895
30/03/2025 9.52;893
30/03/2025 9.53;867
30/03/2025 9.54;794
30/03/2025 9.55;734
30/03/2025 9.56;687
30/03/2025 9.57;678
30/03/2025 9.58;753
30/03/2025 9.59;824
30/03/2025 10.00;921
30/03/2025 10.01;978
30/03/2025 10.02;967
30/03/2025 10.03;918
30/03/2025 10.04;849
30/03/2025 10.05;765
30/03/2025 10.06;689
30/03/2025 10.07;689
30/03/2025 10.08;780
30/03/2025 10.09;912
30/03/2025 10.10;1134
30/03/2025 10.11;1262
30/03/2025 10.12;1229
30/03/2025 10.13;1246
30/03/2025 10.14;1269
30/03/2025 10.15;1329
30/03/2025 10.16;1521
30/03/2025 10.17;1713
30/03/2025 10.18;1853
30/03/2025 10.19;1954
30/03/2025 10.20;2000
30/03/2025 10.21;1840
30/03/2025 10.22;1882
30/03/2025 10.23;1883
30/03/2025 10.24;1776
30/03/2025 10.25;1774
30/03/2025 10.26;1959
30/03/2025 10.27;1997
30/03/2025 10.28;1885
30/03/2025 10.29;2040
30/03/2025 10.30;2580
30/03/2025 10.31;2595
30/03/2025 10.32;3288
30/03/2025 10.33;1805
30/03/2025 10.34;2353
30/03/2025 10.35;1944
30/03/2025 10.36;2000
30/03/2025 10.37;1995
30/03/2025 10.38;2484
30/03/2025 10.39;2379
30/03/2025 10.40;2051
30/03/2025 10.41;2254
30/03/2025 10.42;1522
30/03/2025 10.43;1345
30/03/2025 10.44;1723
30/03/2025 10.45;2355
30/03/2025 10.46;2888
30/03/2025 10.47;2523
30/03/2025 10.48;2148
30/03/2025 10.49;1874
30/03/2025 10.50;2067
30/03/2025 10.51;2698
30/03/2025 10.52;3438
30/03/2025 10.53;5296
30/03/2025 10.54;5882
30/03/2025 10.55;5737
30/03/2025 10.56;4953
30/03/2025 10.57;4443
30/03/2025 10.58;4171
30/03/2025 10.59;3728
30/03/2025 11.00;3515
30/03/2025 11.01;3558
30/03/2025 11.02;3637
30/03/2025 11.03;3955
30/03/2025 11.04;4254
30/03/2025 11.05;4247
30/03/2025 11.06;4575
30/03/2025 11.07;4757
30/03/2025 11.08;5023
30/03/2025 11.09;6620
30/03/2025 11.10;5461
30/03/2025 11.11;5141
30/03/2025 11.12;4698
30/03/2025 11.13;4867
30/03/2025 11.14;5035
30/03/2025 11.15;5760
30/03/2025 11.16;7826
30/03/2025 11.17;5679
30/03/2025 11.18;4488
30/03/2025 11.19;4442
30/03/2025 11.20;4160
30/03/2025 11.21;4357
30/03/2025 11.22;5623
30/03/2025 11.23;8065
30/03/2025 11.24;7917
30/03/2025 11.25;8152
30/03/2025 11.26;8330
30/03/2025 11.27;9352
30/03/2025 11.28;8725
30/03/2025 11.29;8484
30/03/2025 11.30;7192
30/03/2025 11.31;8777
30/03/2025 11.32;9080
30/03/2025 11.33;8191
30/03/2025 11.34;8984
30/03/2025 11.35;7935
30/03/2025 11.36;5119
30/03/2025 11.37;6015
30/03/2025 11.38;6399
30/03/2025 11.39;5219
30/03/2025 11.40;6272
30/03/2025 11.41;5594
30/03/2025 11.42;6759
30/03/2025 11.43;5755
30/03/2025 11.44;7618
30/03/2025 11.45;8418
30/03/2025 11.46;4388
30/03/2025 11.47;4375
30/03/2025 11.48;5345
30/03/2025 11.49;6772
30/03/2025 11.50;8064
30/03/2025 11.51;5486
30/03/2025 11.52;4955
30/03/2025 11.53;5106
30/03/2025 11.54;4938
30/03/2025 11.55;9026
30/03/2025 11.56;10252
30/03/2025 11.57;10755
30/03/2025 11.58;10890
30/03/2025 11.59;10824
30/03/2025 12.00;10313
30/03/2025 12.01;10091
30/03/2025 12.02;9915
30/03/2025 12.03;9823
30/03/2025 12.04;10047
30/03/2025 12.05;5373
30/03/2025 12.06;7864
30/03/2025 12.07;9412
30/03/2025 12.08;10106
30/03/2025 12.09;10234
30/03/2025 12.10;10337
30/03/2025 12.11;10362
30/03/2025 12.12;8712
30/03/2025 12.13;6144
30/03/2025 12.14;4562
30/03/2025 12.15;4270
30/03/2025 12.16;4329
30/03/2025 12.17;4931
30/03/2025 12.18;9820
30/03/2025 12.19;11251
30/03/2025 12.20;10910
30/03/2025 12.21;11024
30/03/2025 12.22;6038
30/03/2025 12.23;5671
30/03/2025 12.24;5221
30/03/2025 12.25;5432
30/03/2025 12.26;6064
30/03/2025 12.27;6434
30/03/2025 12.28;6029
30/03/2025 12.29;7285
30/03/2025 12.30;13251
30/03/2025 12.31;12569
30/03/2025 12.32;13189
30/03/2025 12.33;12869
30/03/2025 12.34;12549
30/03/2025 12.35;11168
30/03/2025 12.36;6201
30/03/2025 12.37;6667
30/03/2025 12.38;5883
30/03/2025 12.39;6033
30/03/2025 12.40;10835
30/03/2025 12.41;11978
30/03/2025 12.42;12101
30/03/2025 12.43;12108
30/03/2025 12.44;11124
30/03/2025 12.45;11442
30/03/2025 12.46;6754
30/03/2025 12.47;5323
30/03/2025 12.48;5987
30/03/2025 12.49;6921
30/03/2025 12.50;10617
30/03/2025 12.51;10587
30/03/2025 12.52;10831
30/03/2025 12.53;11020
30/03/2025 12.54;11047
30/03/2025 12.55;10954
30/03/2025 12.56;11065
30/03/2025 12.57;11135
30/03/2025 12.58;11184
30/03/2025 12.59;8382
30/03/2025 13.00;10889
30/03/2025 13.01;11147
30/03/2025 13.02;10930
30/03/2025 13.03;11195
30/03/2025 13.04;11480
30/03/2025 13.05;11851
30/03/2025 13.06;8598
30/03/2025 13.07;6939
30/03/2025 13.08;11293
30/03/2025 13.09;10966
30/03/2025 13.10;9711
30/03/2025 13.11;8960
30/03/2025 13.12;6626
30/03/2025 13.13;6268
30/03/2025 13.14;4709
30/03/2025 13.15;4555
30/03/2025 13.16;4600
30/03/2025 13.17;4946
30/03/2025 13.18;4099
30/03/2025 13.19;3735
30/03/2025 13.20;3683
30/03/2025 13.21;3755
30/03/2025 13.22;3942
30/03/2025 13.23;4333
30/03/2025 13.24;4572
30/03/2025 13.25;5153
30/03/2025 13.26;5235
30/03/2025 13.27;5033
30/03/2025 13.28;4837
30/03/2025 13.29;4612
30/03/2025 13.30;4396
30/03/2025 13.31;4248
30/03/2025 13.32;4119
30/03/2025 13.33;3985
30/03/2025 13.34;3940
30/03/2025 13.35;3929
30/03/2025 13.36;3868
30/03/2025 13.37;3796
30/03/2025 13.38;3695
30/03/2025 13.39;3643
30/03/2025 13.40;3573
30/03/2025 13.41;3485
30/03/2025 13.42;3355
30/03/2025 13.43;3189
30/03/2025 13.44;3135
30/03/2025 13.45;3215
30/03/2025 13.46;3405
30/03/2025 13.47;3575
30/03/2025 13.48;3660
30/03/2025 13.49;3650
30/03/2025 13.50;3629
30/03/2025 13.51;3591
30/03/2025 13.52;3549
30/03/2025 13.53;3488
30/03/2025 13.54;3442
30/03/2025 13.55;3379
30/03/2025 13.56;3290
30/03/2025 13.57;3213
30/03/2025 13.58;3110
30/03/2025 13.59;3071
30/03/2025 14.00;3078
30/03/2025 14.01;3126
30/03/2025 14.02;3156
30/03/2025 14.03;3176
30/03/2025 14.04;3240
30/03/2025 14.05;3289
30/03/2025 14.06;3365
30/03/2025 14.07;3492
30/03/2025 14.08;3645
30/03/2025 14.09;3855
30/03/2025 14.10;4442
30/03/2025 14.11;4935
30/03/2025 14.12;6970
30/03/2025 14.13;7216
30/03/2025 14.14;8221
30/03/2025 14.15;8830
30/03/2025 14.16;7436
30/03/2025 14.17;8395
30/03/2025 14.18;6459
30/03/2025 14.19;10571
30/03/2025 14.20;6576
30/03/2025 14.21;5736
30/03/2025 14.22;8177
30/03/2025 14.23;5093
30/03/2025 14.24;4821
30/03/2025 14.25;4660
30/03/2025 14.26;4476
30/03/2025 14.27;4432
30/03/2025 14.28;4528
30/03/2025 14.29;4690
30/03/2025 14.30;4869
30/03/2025 14.31;5117
30/03/2025 14.32;5782
30/03/2025 14.33;6237
30/03/2025 14.34;6355
30/03/2025 14.35;7510
30/03/2025 14.36;6855
30/03/2025 14.37;10277
30/03/2025 14.38;11863
30/03/2025 14.39;11796
30/03/2025 14.40;10145
30/03/2025 14.41;8113
30/03/2025 14.42;10620
30/03/2025 14.43;10663
30/03/2025 14.44;9771
30/03/2025 14.45;7043
30/03/2025 14.46;6282
30/03/2025 14.47;5527
30/03/2025 14.48;5817
30/03/2025 14.49;5585
30/03/2025 14.50;5925
30/03/2025 14.51;9850
30/03/2025 14.52;8820
30/03/2025 14.53;5261
30/03/2025 14.54;4680
30/03/2025 14.55;4770
30/03/2025 14.56;7687
30/03/2025 14.57;10297
30/03/2025 14.58;9634
30/03/2025 14.59;8250
30/03/2025 15.00;7293
30/03/2025 15.01;8506
30/03/2025 15.02;8938
30/03/2025 15.03;5151
30/03/2025 15.04;4974
30/03/2025 15.05;9047
30/03/2025 15.06;7419
30/03/2025 15.07;10756
30/03/2025 15.08;10703
30/03/2025 15.09;10558
30/03/2025 15.10;10597
30/03/2025 15.11;10523
30/03/2025 15.12;10399
30/03/2025 15.13;9904
30/03/2025 15.14;9892
30/03/2025 15.15;9801
30/03/2025 15.16;9842
30/03/2025 15.17;9858
30/03/2025 15.18;9720
30/03/2025 15.19;9811
30/03/2025 15.20;9721
30/03/2025 15.21;9718
30/03/2025 15.22;8998
30/03/2025 15.23;8049
30/03/2025 15.24;8217
30/03/2025 15.25;8519
30/03/2025 15.26;8765
30/03/2025 15.27;9055
30/03/2025 15.28;9280
30/03/2025 15.29;9201
30/03/2025 15.30;9026
30/03/2025 15.31;8972
30/03/2025 15.32;9024
30/03/2025 15.33;8940
30/03/2025 15.34;8987
30/03/2025 15.35;8919
30/03/2025 15.36;8921
30/03/2025 15.37;9068
30/03/2025 15.38;9097
30/03/2025 15.39;9101
30/03/2025 15.40;9048
30/03/2025 15.41;8834
30/03/2025 15.42;8888
30/03/2025 15.43;8812
30/03/2025 15.44;8757
30/03/2025 15.45;8495
30/03/2025 15.46;8370
30/03/2025 15.47;7694
30/03/2025 15.48;4012
30/03/2025 15.49;6836
30/03/2025 15.50;4358
30/03/2025 15.51;3387
30/03/2025 15.52;3340
30/03/2025 15.53;3991
30/03/2025 15.54;3479
30/03/2025 15.55;3507
30/03/2025 15.56;3594
30/03/2025 15.57;3775
30/03/2025 15.58;4088
30/03/2025 15.59;5465
30/03/2025 16.00;6406
30/03/2025 16.01;6039
30/03/2025 16.02;8144
30/03/2025 16.03;9843
30/03/2025 16.04;9600
30/03/2025 16.05;9289
30/03/2025 16.06;8762
30/03/2025 16.07;8564
30/03/2025 16.08;8354
30/03/2025 16.09;8130
30/03/2025 16.10;7915
30/03/2025 16.11;8112
30/03/2025 16.12;7814
30/03/2025 16.13;7796
30/03/2025 16.14;7755
30/03/2025 16.15;7646
30/03/2025 16.16;7125
30/03/2025 16.17;7627
30/03/2025 16.18;7647
30/03/2025 16.19;7515
30/03/2025 16.20;5592
30/03/2025 16.21;7456
30/03/2025 16.22;3943
30/03/2025 16.23;7162
30/03/2025 16.24;6995
30/03/2025 16.25;5860
30/03/2025 16.26;4887
30/03/2025 16.27;6511
30/03/2025 16.28;6981
30/03/2025 16.29;6104
30/03/2025 16.30;3599
30/03/2025 16.31;5947
30/03/2025 16.32;3321
30/03/2025 16.33;2860
30/03/2025 16.34;2728
30/03/2025 16.35;2448
30/03/2025 16.36;2150
30/03/2025 16.37;1980
30/03/2025 16.38;1873
30/03/2025 16.39;1776
30/03/2025 16.40;1544
30/03/2025 16.41;1511
30/03/2025 16.42;1625
30/03/2025 16.43;1818
30/03/2025 16.44;1988
30/03/2025 16.45;2029
30/03/2025 16.46;2021
30/03/2025 16.47;2143
30/03/2025 16.48;2365
30/03/2025 16.49;2587
30/03/2025 16.50;3324
30/03/2025 16.51;3126
30/03/2025 16.52;3789
30/03/2025 16.53;6806
30/03/2025 16.54;4680
30/03/2025 16.55;4266
30/03/2025 16.56;4020
30/03/2025 16.57;3681
30/03/2025 16.58;3413
30/03/2025 16.59;3614
30/03/2025 17.00;4911
30/03/2025 17.01;4734
30/03/2025 17.02;4863
30/03/2025 17.03;4671
30/03/2025 17.04;4624
30/03/2025 17.05;4470
30/03/2025 17.06;4343
30/03/2025 17.07;3469
30/03/2025 17.08;2548
30/03/2025 17.09;2316
30/03/2025 17.10;2451
30/03/2025 17.11;2536
30/03/2025 17.12;2631
30/03/2025 17.13;2090
30/03/2025 17.14;2069
30/03/2025 17.15;1994
30/03/2025 17.16;2016
30/03/2025 17.17;2041
30/03/2025 17.18;2038
30/03/2025 17.19;2046
30/03/2025 17.20;2049
30/03/2025 17.21;2039
30/03/2025 17.22;2036
30/03/2025 17.23;2037
30/03/2025 17.24;2006
30/03/2025 17.25;1968
30/03/2025 17.26;1902
30/03/2025 17.27;1788
30/03/2025 17.28;1606
30/03/2025 17.29;1402
30/03/2025 17.30;1203
30/03/2025 17.31;1034
30/03/2025 17.32;898
30/03/2025 17.33;759
30/03/2025 17.34;618
30/03/2025 17.35;533
30/03/2025 17.36;494
30/03/2025 17.37;502
30/03/2025 17.38;488
30/03/2025 17.39;446
30/03/2025 17.40;410
30/03/2025 17.41;397
30/03/2025 17.42;400
30/03/2025 17.43;402
30/03/2025 17.44;401
30/03/2025 17.45;398
30/03/2025 17.46;372
30/03/2025 17.47;331
30/03/2025 17.48;301
30/03/2025 17.49;276
30/03/2025 17.50;261
30/03/2025 17.51;252
30/03/2025 17.52;258
30/03/2025 17.53;265
30/03/2025 17.54;274
30/03/2025 17.55;291
30/03/2025 17.56;307
30/03/2025 17.57;315
30/03/2025 17.58;318
30/03/2025 17.59;324
30/03/2025 18.00;329
30/03/2025 18.01;327
30/03/2025 18.02;307
30/03/2025 18.03;279
30/03/2025 18.04;257
30/03/2025 18.05;242
30/03/2025 18.06;229
30/03/2025 18.07;216
30/03/2025 18.08;202
30/03/2025 18.09;182
30/03/2025 18.10;160
30/03/2025 18.11;140
30/03/2025 18.12;124
30/03/2025 18.14;122
30/03/2025 18.15;139
30/03/2025 18.16;166
30/03/2025 18.17;184
30/03/2025 18.18;186
30/03/2025 18.19;189
30/03/2025 18.20;211
30/03/2025 18.21;226
30/03/2025 18.22;214
30/03/2025 18.23;198
30/03/2025 18.24;196
30/03/2025 18.25;184
30/03/2025 18.26;175
30/03/2025 18.27;167
30/03/2025 18.28;161
30/03/2025 18.29;167
30/03/2025 18.30;178
30/03/2025 18.31;183
30/03/2025 18.32;180
30/03/2025 18.33;169
30/03/2025 18.34;161
30/03/2025 18.35;164
30/03/2025 18.36;164
30/03/2025 18.37;158
30/03/2025 18.38;148
30/03/2025 18.39;143
30/03/2025 18.40;132
30/03/2025 18.41;123
30/03/2025 18.42;116
30/03/2025 18.43;111
30/03/2025 18.44;102
30/03/2025 18.45;92
30/03/2025 18.46;81
30/03/2025 18.47;74
30/03/2025 18.48;67
30/03/2025 18.49;59
30/03/2025 18.50;51
30/03/2025 18.51;45
30/03/2025 18.52;42
30/03/2025 18.53;42
30/03/2025 18.54;46
30/03/2025 18.55;53
30/03/2025 18.56;57
30/03/2025 18.57;59
30/03/2025 18.58;58
30/03/2025 18.59;57
30/03/2025 19.00;53
30/03/2025 19.01;51
30/03/2025 19.02;47
30/03/2025 19.03;44
30/03/2025 19.04;39
30/03/2025 19.05;37
30/03/2025 19.06;35
30/03/2025 19.07;32
30/03/2025 19.08;28
30/03/2025 19.09;27
30/03/2025 19.10;25
30/03/2025 19.11;25
30/03/2025 19.12;25
30/03/2025 19.13;24
30/03/2025 19.14;25
30/03/2025 19.15;23
30/03/2025 19.16;23
30/03/2025 19.17;24
30/03/2025 19.18;24
30/03/2025 19.19;23
30/03/2025 19.20;21
30/03/2025 19.21;21
30/03/2025 19.22;21
30/03/2025 19.23;20
30/03/2025 19.24;19
30/03/2025 19.25;18
30/03/2025 19.26;18
30/03/2025 19.27;19
30/03/2025 19.28;18
30/03/2025 19.29;17
30/03/2025 19.30;14
30/03/2025 19.31;13
30/03/2025 19.32;12
30/03/2025 19.33;12
30/03/2025 19.34;11
30/03/2025 19.35;11
30/03/2025 19.36;11
30/03/2025 19.37;9
30/03/2025 19.38;9
30/03/2025 19.39;7
30/03/2025 19.40;9
30/03/2025 19.41;7
30/03/2025 19.42;7
30/03/2025 19.43;9
30/03/2025 19.44;7
30/03/2025 19.45;9
30/03/2025 19.46;8
30/03/2025 19.47;9
30/03/2025 19.48;9
30/03/2025 19.49;9
30/03/2025 19.50;8
30/03/2025 19.51;3
30/03/2025 19.52;6
30/03/2025 19.53;7
30/03/2025 19.54;4
30/03/2025 19.55;5
30/03/2025 19.56;4
30/03/2025 19.57;9
30/03/2025 19.58;10
30/03/2025 19.59;5
30/03/2025 20.00;6
30/03/2025 20.01;6
30/03/2025 20.02;7
30/03/2025 20.03;7
30/03/2025 20.04;5
30/03/2025 20.05;7
30/03/2025 20.06;7
30/03/2025 20.07;6
30/03/2025 20.08;6
30/03/2025 20.09;4
30/03/2025 20.10;4
30/03/2025 20.11;3
30/03/2025 20.12;4
30/03/2025 20.13;4
30/03/2025 20.14;2
30/03/2025 20.15;5
30/03/2025 20.16;3
30/03/2025 20.17;7
30/03/2025 20.18;4
30/03/2025 20.19;2
30/03/2025 20.20;3
30/03/2025 20.21;4
30/03/2025 20.22;2
30/03/2025 20.23;3
30/03/2025 20.24;2
30/03/2025 20.25;2
30/03/2025 20.26;1
30/03/2025 20.27;3
30/03/2025 20.28;3
30/03/2025 20.29;4
30/03/2025 20.30;3
30/03/2025 20.31;3
30/03/2025 20.32;3
30/03/2025 20.33;3
30/03/2025 20.34;3
30/03/2025 20.35;5
30/03/2025 20.36;4
30/03/2025 20.37;4
30/03/2025 20.38;2
30/03/2025 20.39;4
30/03/2025 20.40;3
30/03/2025 20.41;3
30/03/2025 20.42;2
31/03/2025 6.35;0
31/03/2025 6.36;0
31/03/2025 6.37;0
31/03/2025 6.38;0
31/03/2025 6.39;0
31/03/2025 6.40;0
31/03/2025 6.41;0
31/03/2025 6.42;0
31/03/2025 6.43;0
31/03/2025 6.44;0
31/03/2025 6.45;0
31/03/2025 6.46;0
31/03/2025 6.47;11
31/03/2025 6.48;16
31/03/2025 6.49;14
31/03/2025 6.50;20
31/03/2025 6.51;18
31/03/2025 6.52;24
31/03/2025 6.53;29
31/03/2025 6.54;31
31/03/2025 6.55;38
31/03/2025 6.56;42
31/03/2025 6.57;50
31/03/2025 6.58;56
31/03/2025 6.59;58
31/03/2025 7.00;69
31/03/2025 7.01;71
31/03/2025 7.02;81
31/03/2025 7.03;87
31/03/2025 7.04;89
31/03/2025 7.05;99
31/03/2025 7.06;101
31/03/2025 7.07;110
31/03/2025 7.08;118
31/03/2025 7.09;120
31/03/2025 7.10;132
31/03/2025 7.11;133
31/03/2025 7.12;145
31/03/2025 7.13;150
31/03/2025 7.14;153
31/03/2025 7.15;161
31/03/2025 7.16;162
31/03/2025 7.17;171
31/03/2025 7.18;175
31/03/2025 7.19;176
31/03/2025 7.20;184
31/03/2025 7.21;184
31/03/2025 7.22;193
31/03/2025 7.23;198
31/03/2025 7.24;200
31/03/2025 7.25;206
31/03/2025 7.26;207
31/03/2025 7.27;218
31/03/2025 7.28;224
31/03/2025 7.29;227
31/03/2025 7.30;238
31/03/2025 7.31;246
31/03/2025 7.32;252
31/03/2025 7.33;271
31/03/2025 7.34;276
31/03/2025 7.35;291
31/03/2025 7.36;301
31/03/2025 7.37;307
31/03/2025 7.38;322
31/03/2025 7.39;329
31/03/2025 7.40;340
31/03/2025 7.41;356
31/03/2025 7.42;364
31/03/2025 7.43;373
31/03/2025 7.44;392
31/03/2025 7.45;399
31/03/2025 7.46;409
31/03/2025 7.47;423
31/03/2025 7.48;429
31/03/2025 7.49;438
31/03/2025 7.50;449
31/03/2025 7.51;451
31/03/2025 7.52;458
31/03/2025 7.53;466
31/03/2025 7.54;468
31/03/2025 7.55;474
31/03/2025 7.56;482
31/03/2025 7.57;493
31/03/2025 7.58;502
31/03/2025 7.59;511
31/03/2025 8.00;530
31/03/2025 8.01;537
31/03/2025 8.02;549
31/03/2025 8.03;560
31/03/2025 8.04;576
31/03/2025 8.05;585
31/03/2025 8.06;597
31/03/2025 8.07;608
31/03/2025 8.08;621
31/03/2025 8.09;626
31/03/2025 8.10;629
31/03/2025 8.11;631
31/03/2025 8.12;633
31/03/2025 8.13;640
31/03/2025 8.14;642
31/03/2025 8.15;645
31/03/2025 8.16;652
31/03/2025 8.17;660
31/03/2025 8.18;670
31/03/2025 8.19;691
31/03/2025 8.20;694
31/03/2025 8.21;716
31/03/2025 8.22;717
31/03/2025 8.23;731
31/03/2025 8.24;741
31/03/2025 8.25;753
31/03/2025 8.26;768
31/03/2025 8.27;783
31/03/2025 8.28;798
31/03/2025 8.29;815
31/03/2025 8.30;826
31/03/2025 8.31;846
31/03/2025 8.32;867
31/03/2025 8.33;883
31/03/2025 8.34;899
31/03/2025 8.35;910
31/03/2025 8.36;927
31/03/2025 8.37;941
31/03/2025 8.38;967
31/03/2025 8.39;991
31/03/2025 8.40;1014
31/03/2025 8.41;1036
31/03/2025 8.42;1052
31/03/2025 8.43;1071
31/03/2025 8.44;1094
31/03/2025 8.45;1105
31/03/2025 8.46;1122
31/03/2025 8.47;1134
31/03/2025 8.48;1139
31/03/2025 8.49;1149
31/03/2025 8.50;1159
31/03/2025 8.51;1166
31/03/2025 8.52;1173
31/03/2025 8.53;1179
31/03/2025 8.54;1186
31/03/2025 8.55;1193
31/03/2025 8.56;1205
31/03/2025 8.57;1219
31/03/2025 8.58;1236
31/03/2025 8.59;1258
31/03/2025 9.00;1285
31/03/2025 9.01;1315
31/03/2025 9.02;1349
31/03/2025 9.03;1384
31/03/2025 9.04;1416
31/03/2025 9.05;1455
31/03/2025 9.06;1489
31/03/2025 9.07;1524
31/03/2025 9.08;1555
31/03/2025 9.09;1584
31/03/2025 9.10;1606
31/03/2025 9.11;1618
31/03/2025 9.12;1646
31/03/2025 9.13;1663
31/03/2025 9.14;1686
31/03/2025 9.15;1708
31/03/2025 9.16;1726
31/03/2025 9.17;1751
31/03/2025 9.18;1780
31/03/2025 9.19;1821
31/03/2025 9.20;1868
31/03/2025 9.21;1936
31/03/2025 9.22;2098
31/03/2025 9.23;2247
31/03/2025 9.24;2256
31/03/2025 9.25;2297
31/03/2025 9.26;2253
31/03/2025 9.27;2282
31/03/2025 9.28;2352
31/03/2025 9.29;2357
31/03/2025 9.30;2434
31/03/2025 9.31;2580
31/03/2025 9.32;2571
31/03/2025 9.33;2656
31/03/2025 9.34;2625
31/03/2025 9.35;2525
31/03/2025 9.36;2506
31/03/2025 9.37;2488
31/03/2025 9.38;2541
31/03/2025 9.39;2555
31/03/2025 9.40;2567
31/03/2025 9.41;2597
31/03/2025 9.42;2625
31/03/2025 9.43;2649
31/03/2025 9.44;2653
31/03/2025 9.45;2677
31/03/2025 9.46;2739
31/03/2025 9.47;2820
31/03/2025 9.48;2925
31/03/2025 9.49;3076
31/03/2025 9.50;3223
31/03/2025 9.51;3221
31/03/2025 9.52;3037
31/03/2025 9.53;3011
31/03/2025 9.54;3050
31/03/2025 9.55;3106
31/03/2025 9.56;3164
31/03/2025 9.57;3233
31/03/2025 9.58;3287
31/03/2025 9.59;3329
31/03/2025 10.00;3386
31/03/2025 10.01;3435
31/03/2025 10.02;3425
31/03/2025 10.03;3420
31/03/2025 10.04;3418
31/03/2025 10.05;3447
31/03/2025 10.06;3494
31/03/2025 10.07;3541
31/03/2025 10.08;3612
31/03/2025 10.09;3668
31/03/2025 10.10;3742
31/03/2025 10.11;3807
31/03/2025 10.12;3900
31/03/2025 10.13;3920
31/03/2025 10.14;3998
31/03/2025 10.15;4140
31/03/2025 10.16;4401
31/03/2025 10.17;4330
31/03/2025 10.18;4160
31/03/2025 10.19;4219
31/03/2025 10.20;4250
31/03/2025 10.21;4289
31/03/2025 10.22;4524
31/03/2025 10.23;4435
31/03/2025 10.24;4186
31/03/2025 10.25;4117
31/03/2025 10.26;4079
31/03/2025 10.27;3972
31/03/2025 10.28;3900
31/03/2025 10.29;3840
31/03/2025 10.30;3769
31/03/2025 10.31;3713
31/03/2025 10.32;3665
31/03/2025 10.33;3648
31/03/2025 10.34;3651
31/03/2025 10.35;3654
31/03/2025 10.36;3692
31/03/2025 10.37;3709
31/03/2025 10.38;3723
31/03/2025 10.39;3779
31/03/2025 10.40;3800
31/03/2025 10.41;3824
31/03/2025 10.42;3872
31/03/2025 10.43;3928
31/03/2025 10.44;4010
31/03/2025 10.45;4099
31/03/2025 10.46;4149
31/03/2025 10.47;4249
31/03/2025 10.48;4274
31/03/2025 10.49;4313
31/03/2025 10.50;4335
31/03/2025 10.51;4433
31/03/2025 10.52;4552
31/03/2025 10.53;4767
31/03/2025 10.54;5147
31/03/2025 10.55;5346
31/03/2025 10.56;5307
31/03/2025 10.57;5023
31/03/2025 10.58;4989
31/03/2025 10.59;5598
31/03/2025 11.00;5973
31/03/2025 11.01;6139
31/03/2025 11.02;6155
31/03/2025 11.04;6115
31/03/2025 11.05;6282
31/03/2025 11.06;5933
31/03/2025 11.07;6117
31/03/2025 11.08;6456
31/03/2025 11.09;5889
31/03/2025 11.10;5893
31/03/2025 11.11;6374
31/03/2025 11.12;6233
31/03/2025 11.13;7029
31/03/2025 11.14;6516
31/03/2025 11.15;6956
31/03/2025 11.16;6841
31/03/2025 11.17;6385
31/03/2025 11.18;6735
31/03/2025 11.19;7490
31/03/2025 11.20;8064
31/03/2025 11.21;7205
31/03/2025 11.22;7481
31/03/2025 11.23;7414
31/03/2025 11.24;7326
31/03/2025 11.25;7316
31/03/2025 11.26;8187
31/03/2025 11.27;7659
31/03/2025 11.28;7852
31/03/2025 11.29;7323
31/03/2025 11.30;7547
31/03/2025 11.31;8083
31/03/2025 11.32;8126
31/03/2025 11.33;8982
31/03/2025 11.34;8201
31/03/2025 11.35;8974
31/03/2025 11.36;8525
31/03/2025 11.37;7592
31/03/2025 11.38;7184
31/03/2025 11.39;7346
31/03/2025 11.40;7529
31/03/2025 11.41;7784
31/03/2025 11.42;8299
31/03/2025 11.43;8125
31/03/2025 11.44;7844
31/03/2025 11.45;8594
31/03/2025 11.46;8005
31/03/2025 11.47;6809
31/03/2025 11.48;6530
31/03/2025 11.49;6226
31/03/2025 11.50;6105
31/03/2025 11.51;6717
31/03/2025 11.52;6824
31/03/2025 11.53;7488
31/03/2025 11.54;8073
31/03/2025 11.55;7299
31/03/2025 11.56;7252
31/03/2025 11.57;6574
31/03/2025 11.58;6706
31/03/2025 11.59;7454
31/03/2025 12.00;7294
31/03/2025 12.01;7230
31/03/2025 12.02;6892
31/03/2025 12.03;6951
31/03/2025 12.04;6417
31/03/2025 12.05;6458
31/03/2025 12.06;6285
31/03/2025 12.07;6599
31/03/2025 12.08;6926
31/03/2025 12.09;7084
31/03/2025 12.10;7533
31/03/2025 12.11;7641
31/03/2025 12.12;7800
31/03/2025 12.13;7527
31/03/2025 12.14;7118
31/03/2025 12.15;7059
31/03/2025 12.16;7123
31/03/2025 12.17;7480
31/03/2025 12.18;7410
31/03/2025 12.19;7669
31/03/2025 12.20;7269
31/03/2025 12.21;8191
31/03/2025 12.22;8901
31/03/2025 12.23;9211
31/03/2025 12.24;8977
31/03/2025 12.25;7920
31/03/2025 12.26;8194
31/03/2025 12.27;9086
31/03/2025 12.28;10123
31/03/2025 12.29;9703
31/03/2025 12.30;9333
31/03/2025 12.31;9877
31/03/2025 12.32;9773
31/03/2025 12.33;9876
31/03/2025 12.34;9963
31/03/2025 12.35;9673
31/03/2025 12.36;9106
31/03/2025 12.37;8972
31/03/2025 12.38;9559
31/03/2025 12.39;9157
31/03/2025 12.40;9502
31/03/2025 12.41;9563
31/03/2025 12.42;9769
31/03/2025 12.43;10003
31/03/2025 12.44;9430
31/03/2025 12.45;7989
31/03/2025 12.46;7534
31/03/2025 12.47;5989
31/03/2025 12.48;5999
31/03/2025 12.49;5339
31/03/2025 12.50;4952
31/03/2025 12.51;5015
31/03/2025 12.52;6084
31/03/2025 12.53;8139
31/03/2025 12.54;6272
31/03/2025 12.55;5210
31/03/2025 12.56;5034
31/03/2025 12.57;4901
31/03/2025 12.58;4840
31/03/2025 12.59;4798
31/03/2025 13.00;4783
31/03/2025 13.01;4772
31/03/2025 13.02;4791
31/03/2025 13.03;4840
31/03/2025 13.04;4933
31/03/2025 13.05;5043
31/03/2025 13.06;5158
31/03/2025 13.07;5220
31/03/2025 13.08;5289
31/03/2025 13.09;5396
31/03/2025 13.10;5306
31/03/2025 13.11;5160
31/03/2025 13.12;5151
31/03/2025 13.13;5144
31/03/2025 13.14;5179
31/03/2025 13.15;5236
31/03/2025 13.16;5318
31/03/2025 13.17;5418
31/03/2025 13.18;5587
31/03/2025 13.19;5818
31/03/2025 13.20;6034
31/03/2025 13.21;6162
31/03/2025 13.22;6210
31/03/2025 13.23;6260
31/03/2025 13.24;6443
31/03/2025 13.25;6262
31/03/2025 13.26;6109
31/03/2025 13.27;6058
31/03/2025 13.28;6106
31/03/2025 13.29;6584
31/03/2025 13.30;6662
31/03/2025 13.31;5964
31/03/2025 13.32;6049
31/03/2025 13.33;7775
31/03/2025 13.34;8234
31/03/2025 13.35;8507
31/03/2025 13.36;8817
31/03/2025 13.37;8437
31/03/2025 13.38;8190
31/03/2025 13.39;8078
31/03/2025 13.40;8468
31/03/2025 13.41;9616
31/03/2025 13.42;10236
31/03/2025 13.43;9730
31/03/2025 13.44;8671
31/03/2025 13.45;7736
31/03/2025 13.46;7969
31/03/2025 13.47;8100
31/03/2025 13.48;7757
31/03/2025 13.49;6746
31/03/2025 13.50;5521
31/03/2025 13.51;5316
31/03/2025 13.52;5427
31/03/2025 13.53;5380
31/03/2025 13.54;5203
31/03/2025 13.55;4715
31/03/2025 13.56;4624
31/03/2025 13.57;4836
31/03/2025 13.58;5312
31/03/2025 13.59;4594
31/03/2025 14.00;4330
31/03/2025 14.01;4266
31/03/2025 14.02;4270
31/03/2025 14.03;4218
31/03/2025 14.04;4197
31/03/2025 14.05;4183
31/03/2025 14.06;4224
31/03/2025 14.07;4307
31/03/2025 14.08;4424
31/03/2025 14.09;4438
31/03/2025 14.10;4552
31/03/2025 14.11;4909
31/03/2025 14.12;5135
31/03/2025 14.13;4704
31/03/2025 14.14;5840
31/03/2025 14.15;5267
31/03/2025 14.16;5090
31/03/2025 14.17;4906
31/03/2025 14.18;5241
31/03/2025 14.19;6261
31/03/2025 14.20;5388
31/03/2025 14.21;6254
31/03/2025 14.22;6007
31/03/2025 14.23;4055
31/03/2025 14.24;3940
31/03/2025 14.25;3876
31/03/2025 14.26;3789
31/03/2025 14.27;3703
31/03/2025 14.28;3599
31/03/2025 14.29;3472
31/03/2025 14.30;3369
31/03/2025 14.31;3243
31/03/2025 14.32;3118
31/03/2025 14.33;2954
31/03/2025 14.34;2836
31/03/2025 14.35;2714
31/03/2025 14.36;2588
31/03/2025 14.37;2477
31/03/2025 14.38;2370
31/03/2025 14.39;2277
31/03/2025 14.40;2190
31/03/2025 14.41;2109
31/03/2025 14.42;2031
31/03/2025 14.43;1965
31/03/2025 14.44;1896
31/03/2025 14.45;1850
31/03/2025 14.46;1794
31/03/2025 14.47;1748
31/03/2025 14.48;1706
31/03/2025 14.49;1673
31/03/2025 14.50;1649
31/03/2025 14.51;1635
31/03/2025 14.52;1629
31/03/2025 14.53;1630
31/03/2025 14.54;1630
31/03/2025 14.55;1628
31/03/2025 14.56;1640
31/03/2025 14.57;1640
31/03/2025 14.58;1637
31/03/2025 14.59;1626
31/03/2025 15.00;1610
31/03/2025 15.01;1580
31/03/2025 15.02;1551
31/03/2025 15.03;1537
31/03/2025 15.04;1531
31/03/2025 15.05;1524
31/03/2025 15.06;1546
31/03/2025 15.07;1564
31/03/2025 15.08;1593
31/03/2025 15.09;1632
31/03/2025 15.10;1664
31/03/2025 15.11;1703
31/03/2025 15.12;1732
31/03/2025 15.13;1781
31/03/2025 15.14;1826
31/03/2025 15.15;1874
31/03/2025 15.16;1922
31/03/2025 15.17;1966
31/03/2025 15.18;2008
31/03/2025 15.19;2052
31/03/2025 15.20;2102
31/03/2025 15.21;2159
31/03/2025 15.22;2223
31/03/2025 15.23;2297
31/03/2025 15.24;2375
31/03/2025 15.25;2449
31/03/2025 15.26;2515
31/03/2025 15.27;2553
31/03/2025 15.28;2603
31/03/2025 15.29;2658
31/03/2025 15.30;2725
31/03/2025 15.31;2866
31/03/2025 15.32;3098
31/03/2025 15.33;3433
31/03/2025 15.34;3544
31/03/2025 15.35;3814
31/03/2025 15.36;3196
31/03/2025 15.37;3342
31/03/2025 15.38;3118
31/03/2025 15.39;3087
31/03/2025 15.40;3052
31/03/2025 15.41;2960
31/03/2025 15.42;3023
31/03/2025 15.43;3047
31/03/2025 15.44;3157
31/03/2025 15.45;3364
31/03/2025 15.46;3497
31/03/2025 15.47;3669
31/03/2025 15.48;3874
31/03/2025 15.49;4047
31/03/2025 15.50;4191
31/03/2025 15.51;4272
31/03/2025 15.52;4363
31/03/2025 15.53;4474
31/03/2025 15.54;4550
31/03/2025 15.55;4604
31/03/2025 15.56;4625
31/03/2025 15.57;4704
31/03/2025 15.58;5037
31/03/2025 15.59;4848
31/03/2025 16.00;4631
31/03/2025 16.01;4929
31/03/2025 16.02;6224
31/03/2025 16.03;6920
31/03/2025 16.04;6877
31/03/2025 16.05;6653
31/03/2025 16.06;6238
31/03/2025 16.07;5702
31/03/2025 16.08;5003
31/03/2025 16.09;4706
31/03/2025 16.10;4169
31/03/2025 16.11;3901
31/03/2025 16.12;3716
31/03/2025 16.13;3597
31/03/2025 16.14;3739
31/03/2025 16.15;3629
31/03/2025 16.16;3533
31/03/2025 16.17;3417
31/03/2025 16.18;3347
31/03/2025 16.19;3260
31/03/2025 16.20;3197
31/03/2025 16.21;3121
31/03/2025 16.22;3016
31/03/2025 16.23;2901
31/03/2025 16.24;2845
31/03/2025 16.25;2757
31/03/2025 16.26;2689
31/03/2025 16.27;2602
31/03/2025 16.28;2505
31/03/2025 16.29;2421
31/03/2025 16.30;2342
31/03/2025 16.31;2260
31/03/2025 16.32;2183
31/03/2025 16.33;2104
31/03/2025 16.34;2044
31/03/2025 16.35;1988
31/03/2025 16.36;1925
31/03/2025 16.37;1881
31/03/2025 16.38;1850
31/03/2025 16.39;1839
31/03/2025 16.40;1853
31/03/2025 16.41;1877
31/03/2025 16.42;1912
31/03/2025 16.43;1955
31/03/2025 16.44;2001
31/03/2025 16.45;2057
31/03/2025 16.46;2101
31/03/2025 16.47;2145
31/03/2025 16.48;2163
31/03/2025 16.49;2171
31/03/2025 16.50;2172
31/03/2025 16.51;2156
31/03/2025 16.52;2131
31/03/2025 16.53;2111
31/03/2025 16.54;2088
31/03/2025 16.55;2078
31/03/2025 16.56;2092
31/03/2025 16.57;2108
31/03/2025 16.58;2116
31/03/2025 16.59;2137
31/03/2025 17.00;2155
31/03/2025 17.01;2166
31/03/2025 17.02;2166
31/03/2025 17.03;2166
31/03/2025 17.04;2155
31/03/2025 17.05;2139
31/03/2025 17.06;2121
31/03/2025 17.07;2098
31/03/2025 17.08;2059
31/03/2025 17.09;2040
31/03/2025 17.10;2017
31/03/2025 17.11;2001
31/03/2025 17.12;2006
31/03/2025 17.13;2003
31/03/2025 17.14;2013
31/03/2025 17.15;2014
31/03/2025 17.16;2026
31/03/2025 17.17;2027
31/03/2025 17.18;2039
31/03/2025 17.19;2034
31/03/2025 17.20;2020
31/03/2025 17.21;1997
31/03/2025 17.22;1979
31/03/2025 17.23;1960
31/03/2025 17.24;1997
31/03/2025 17.25;2052
31/03/2025 17.26;2066
31/03/2025 17.27;2055
31/03/2025 17.28;2052
31/03/2025 17.29;2063
31/03/2025 17.30;2083
31/03/2025 17.31;2097
31/03/2025 17.32;2117
31/03/2025 17.33;2141
31/03/2025 17.34;2148
31/03/2025 17.35;2122
31/03/2025 17.36;2118
31/03/2025 17.37;2105
31/03/2025 17.38;2082
31/03/2025 17.39;2043
31/03/2025 17.40;2028
31/03/2025 17.41;2029
31/03/2025 17.42;2009
31/03/2025 17.43;1993
31/03/2025 17.44;1968
31/03/2025 17.45;1939
31/03/2025 17.46;1906
31/03/2025 17.47;1875
31/03/2025 17.48;1845
31/03/2025 17.49;1820
31/03/2025 17.50;1805
31/03/2025 17.51;1790
31/03/2025 17.52;1770
31/03/2025 17.53;1749
31/03/2025 17.54;1727
31/03/2025 17.55;1706
31/03/2025 17.56;1682
31/03/2025 17.57;1667
31/03/2025 17.58;1635
31/03/2025 17.59;1606
31/03/2025 18.00;1579
31/03/2025 18.01;1551
31/03/2025 18.02;1519
31/03/2025 18.03;1488
31/03/2025 18.04;1458
31/03/2025 18.05;1432
31/03/2025 18.06;1410
31/03/2025 18.07;1394
31/03/2025 18.08;1379
31/03/2025 18.09;1365
31/03/2025 18.10;1346
31/03/2025 18.11;1332
31/03/2025 18.12;1317
31/03/2025 18.13;1307
31/03/2025 18.14;1292
31/03/2025 18.15;1268
31/03/2025 18.16;1243
31/03/2025 18.17;1222
31/03/2025 18.18;1206
31/03/2025 18.19;1186
31/03/2025 18.20;1166
31/03/2025 18.21;1140
31/03/2025 18.22;1119
31/03/2025 18.23;1094
31/03/2025 18.24;1072
31/03/2025 18.25;1052
31/03/2025 18.26;1029
31/03/2025 18.27;1007
31/03/2025 18.28;988
31/03/2025 18.29;956
31/03/2025 18.30;927
31/03/2025 18.31;919
31/03/2025 18.32;942
31/03/2025 18.33;944
31/03/2025 18.34;949
31/03/2025 18.35;951
31/03/2025 18.36;955
31/03/2025 18.37;966
31/03/2025 18.38;978
31/03/2025 18.39;987
31/03/2025 18.40;993
31/03/2025 18.41;996
31/03/2025 18.42;994
31/03/2025 18.43;987
31/03/2025 18.44;973
31/03/2025 18.45;960
31/03/2025 18.46;942
31/03/2025 18.47;924
31/03/2025 18.48;907
31/03/2025 18.49;887
31/03/2025 18.50;866
31/03/2025 18.51;844
31/03/2025 18.52;822
31/03/2025 18.53;793
31/03/2025 18.54;782
31/03/2025 18.55;749
31/03/2025 18.56;731
31/03/2025 18.57;708
31/03/2025 18.58;685
31/03/2025 18.59;660
31/03/2025 19.00;634
31/03/2025 19.01;609
31/03/2025 19.02;588
31/03/2025 19.03;566
31/03/2025 19.04;545
31/03/2025 19.05;525
31/03/2025 19.06;504
31/03/2025 19.07;486
31/03/2025 19.08;470
31/03/2025 19.09;457
31/03/2025 19.10;447
31/03/2025 19.11;436
31/03/2025 19.12;424
31/03/2025 19.13;411
31/03/2025 19.14;401
31/03/2025 19.15;390
31/03/2025 19.16;377
31/03/2025 19.17;366
31/03/2025 19.18;355
31/03/2025 19.19;343
31/03/2025 19.20;331
31/03/2025 19.21;314
31/03/2025 19.22;303
31/03/2025 19.23;291
31/03/2025 19.24;277
31/03/2025 19.25;266
31/03/2025 19.26;257
31/03/2025 19.27;247
31/03/2025 19.28;237
31/03/2025 19.29;225
31/03/2025 19.30;207
31/03/2025 19.31;186
31/03/2025 19.32;170
31/03/2025 19.33;154
31/03/2025 19.34;141
31/03/2025 19.35;129
31/03/2025 19.36;120
31/03/2025 19.37;109
31/03/2025 19.38;101
31/03/2025 19.39;93
31/03/2025 19.40;84
31/03/2025 19.41;78
31/03/2025 19.42;71
31/03/2025 19.43;63
31/03/2025 19.44;56
31/03/2025 19.45;52
31/03/2025 19.46;47
31/03/2025 19.47;43
31/03/2025 19.48;39
31/03/2025 19.49;35
31/03/2025 19.50;33
31/03/2025 19.51;31
31/03/2025 19.52;28
31/03/2025 19.53;28
31/03/2025 19.54;26
31/03/2025 19.55;26
31/03/2025 19.56;23
31/03/2025 19.57;22
31/03/2025 19.58;22
31/03/2025 19.59;23
31/03/2025 20.00;21
31/03/2025 20.01;19
31/03/2025 20.02;15
31/03/2025 20.03;16
31/03/2025 20.04;14
31/03/2025 20.05;11
31/03/2025 20.06;14
31/03/2025 20.07;12
31/03/2025 20.08;11
31/03/2025 20.09;9
31/03/2025 20.10;7
31/03/2025 20.11;10
31/03/2025 20.12;5
31/03/2025 20.14;3
31/03/2025 20.15;4
31/03/2025 20.16;2
31/03/2025 20.17;4
31/03/2025 20.18;6
31/03/2025 20.19;5
31/03/2025 20.20;4
31/03/2025 20.21;5
31/03/2025 20.22;4
31/03/2025 20.23;4
31/03/2025 20.24;5
31/03/2025 20.25;4
31/03/2025 20.26;5
31/03/2025 20.27;5
31/03/2025 20.28;6
31/03/2025 20.29;5
31/03/2025 20.30;5
31/03/2025 20.31;5
31/03/2025 20.32;4
31/03/2025 20.33;5
31/03/2025 20.34;5
31/03/2025 20.35;4
31/03/2025 20.36;4
31/03/2025 20.37;3
31/03/2025 20.38;4
31/03/2025 20.39;3
31/03/2025 20.40;5
31/03/2025 20.41;3
31/03/2025 20.42;3
31/03/2025 20.43;4
31/03/2025 20.44;3
31/03/2025 20.45;4
31/03/2025 20.46;5
31/03/2025 20.47;2
31/03/2025 20.48;4
31/03/2025 20.49;3
31/03/2025 20.50;3
31/03/2025 20.51;1
31/03/2025 20.52;1
31/03/2025 20.53;0
31/03/2025 20.54;4
31/03/2025 20.55;3
01/04/2025 6.31;0
01/04/2025 6.32;0
01/04/2025 6.33;0
01/04/2025 6.34;0
01/04/2025 6.35;0
01/04/2025 6.36;0
01/04/2025 6.37;0
01/04/2025 6.38;17
01/04/2025 6.39;19
01/04/2025 6.40;20
01/04/2025 6.41;17
01/04/2025 6.42;22
01/04/2025 6.43;23
01/04/2025 6.44;23
01/04/2025 6.45;27
01/04/2025 6.46;31
01/04/2025 6.47;28
01/04/2025 6.48;36
01/04/2025 6.49;40
01/04/2025 6.50;43
01/04/2025 6.51;48
01/04/2025 6.52;47
01/04/2025 6.53;55
01/04/2025 6.54;59
01/04/2025 6.55;62
01/04/2025 6.56;76
01/04/2025 6.57;84
01/04/2025 6.58;86
01/04/2025 6.59;89
01/04/2025 7.00;82
01/04/2025 7.01;86
01/04/2025 7.02;88
01/04/2025 7.03;82
01/04/2025 7.04;87
01/04/2025 7.05;89
01/04/2025 7.06;99
01/04/2025 7.07;100
01/04/2025 7.08;99
01/04/2025 7.09;109
01/04/2025 7.10;105
01/04/2025 7.11;112
01/04/2025 7.12;117
01/04/2025 7.13;116
01/04/2025 7.14;124
01/04/2025 7.15;124
01/04/2025 7.16;141
01/04/2025 7.17;160
01/04/2025 7.18;176
01/04/2025 7.19;183
01/04/2025 7.20;189
01/04/2025 7.21;220
01/04/2025 7.22;230
01/04/2025 7.23;210
01/04/2025 7.24;234
01/04/2025 7.25;246
01/04/2025 7.26;263
01/04/2025 7.27;274
01/04/2025 7.28;254
01/04/2025 7.29;248
01/04/2025 7.30;250
01/04/2025 7.31;272
01/04/2025 7.32;282
01/04/2025 7.33;288
01/04/2025 7.34;297
01/04/2025 7.35;303
01/04/2025 7.36;302
01/04/2025 7.37;322
01/04/2025 7.38;353
01/04/2025 7.39;358
01/04/2025 7.40;340
01/04/2025 7.41;358
01/04/2025 7.42;347
01/04/2025 7.43;351
01/04/2025 7.44;373
01/04/2025 7.45;372
01/04/2025 7.46;371
01/04/2025 7.47;379
01/04/2025 7.48;386
01/04/2025 7.49;436
01/04/2025 7.50;447
01/04/2025 7.51;451
01/04/2025 7.52;465
01/04/2025 7.53;489
01/04/2025 7.54;506
01/04/2025 7.55;507
01/04/2025 7.56;552
01/04/2025 7.57;591
01/04/2025 7.58;586
01/04/2025 7.59;581
01/04/2025 8.00;613
01/04/2025 8.01;605
01/04/2025 8.02;641
01/04/2025 8.03;695
01/04/2025 8.04;718
01/04/2025 8.05;698
01/04/2025 8.06;653
01/04/2025 8.07;659
01/04/2025 8.08;671
01/04/2025 8.09;671
01/04/2025 8.10;705
01/04/2025 8.11;686
01/04/2025 8.12;688
01/04/2025 8.13;767
01/04/2025 8.14;874
01/04/2025 8.15;848
01/04/2025 8.16;881
01/04/2025 8.17;814
01/04/2025 8.18;838
01/04/2025 8.19;794
01/04/2025 8.20;1005
01/04/2025 8.21;1079
01/04/2025 8.22;1239
01/04/2025 8.23;1403
01/04/2025 8.24;1231
01/04/2025 8.25;1169
01/04/2025 8.26;1210
01/04/2025 8.27;1147
01/04/2025 8.28;1229
01/04/2025 8.29;1213
01/04/2025 8.30;1400
01/04/2025 8.31;1257
01/04/2025 8.32;1472
01/04/2025 8.33;1587
01/04/2025 8.34;1634
01/04/2025 8.35;1722
01/04/2025 8.36;1681
01/04/2025 8.37;1756
01/04/2025 8.38;1763
01/04/2025 8.39;1766
01/04/2025 8.40;1910
01/04/2025 8.41;1782
01/04/2025 8.42;1725
01/04/2025 8.43;1777
01/04/2025 8.44;1683
01/04/2025 8.45;1580
01/04/2025 8.46;1576
01/04/2025 8.47;1421
01/04/2025 8.48;1499
01/04/2025 8.49;1485
01/04/2025 8.50;1411
01/04/2025 8.51;1331
01/04/2025 8.52;1272
01/04/2025 8.53;1217
01/04/2025 8.54;1211
01/04/2025 8.55;1484
01/04/2025 8.56;1303
01/04/2025 8.57;1261
01/04/2025 8.58;1134
01/04/2025 8.59;812
01/04/2025 9.00;565
01/04/2025 9.01;646
01/04/2025 9.02;696
01/04/2025 9.03;756
01/04/2025 9.04;962
01/04/2025 9.05;1353
01/04/2025 9.06;1590
01/04/2025 9.07;1746
01/04/2025 9.09;2018
01/04/2025 9.10;1951
01/04/2025 9.11;1947
01/04/2025 9.12;1904
01/04/2025 9.13;1723
01/04/2025 9.14;1857
01/04/2025 9.15;1750
01/04/2025 9.16;1493
01/04/2025 9.17;1354
01/04/2025 9.18;1288
01/04/2025 9.19;1232
01/04/2025 9.20;1729
01/04/2025 9.21;2342
01/04/2025 9.22;2112
01/04/2025 9.23;1948
01/04/2025 9.24;1993
01/04/2025 9.25;1501
01/04/2025 9.26;1204
01/04/2025 9.27;873
01/04/2025 9.28;794
01/04/2025 9.29;717
01/04/2025 9.30;687
01/04/2025 9.31;636
01/04/2025 9.32;625
01/04/2025 9.33;735
01/04/2025 9.34;967
01/04/2025 9.35;730
01/04/2025 9.36;679
01/04/2025 9.37;655
01/04/2025 9.38;637
01/04/2025 9.39;605
01/04/2025 9.40;718
01/04/2025 9.41;1423
01/04/2025 9.42;1318
01/04/2025 9.43;1795
01/04/2025 9.44;1882
01/04/2025 9.45;1766
01/04/2025 9.46;1945
01/04/2025 9.47;1730
01/04/2025 9.48;1852
01/04/2025 9.49;1895
01/04/2025 9.50;1945
01/04/2025 9.51;1648
01/04/2025 9.52;1848
01/04/2025 9.53;2104
01/04/2025 9.54;2008
01/04/2025 9.55;2205
01/04/2025 9.56;2269
01/04/2025 9.57;2417
01/04/2025 9.58;2507
01/04/2025 9.59;2546
01/04/2025 10.00;2158
01/04/2025 10.01;2321
01/04/2025 10.02;2272
01/04/2025 10.03;2191
01/04/2025 10.04;2049
01/04/2025 10.05;2274
01/04/2025 10.06;2589
01/04/2025 10.07;2673
01/04/2025 10.08;2464
01/04/2025 10.09;2578
01/04/2025 10.10;2575
01/04/2025 10.11;2517
01/04/2025 10.12;2792
01/04/2025 10.13;2456
01/04/2025 10.14;2870
01/04/2025 10.15;2848
01/04/2025 10.16;2948
01/04/2025 10.17;3153
01/04/2025 10.18;3030
01/04/2025 10.19;3163
01/04/2025 10.20;2960
01/04/2025 10.21;2652
01/04/2025 10.22;3161
01/04/2025 10.23;3086
01/04/2025 10.24;3056
01/04/2025 10.25;3127
01/04/2025 10.26;3654
01/04/2025 10.27;3432
01/04/2025 10.28;3237
01/04/2025 10.29;3798
01/04/2025 10.30;4072
01/04/2025 10.31;4096
01/04/2025 10.32;3745
01/04/2025 10.33;3901
01/04/2025 10.34;3565
01/04/2025 10.35;3275
01/04/2025 10.36;3371
01/04/2025 10.37;3389
01/04/2025 10.38;3185
01/04/2025 10.39;3492
01/04/2025 10.40;3890
01/04/2025 10.41;3661
01/04/2025 10.42;3263
01/04/2025 10.43;3396
01/04/2025 10.44;3178
01/04/2025 10.45;3413
01/04/2025 10.46;3448
01/04/2025 10.47;3252
01/04/2025 10.48;3317
01/04/2025 10.49;3739
01/04/2025 10.50;3749
01/04/2025 10.51;3547
01/04/2025 10.52;4264
01/04/2025 10.53;5621
01/04/2025 10.54;5574
01/04/2025 10.55;4683
01/04/2025 10.56;5641
01/04/2025 10.57;8251
01/04/2025 10.58;5982
01/04/2025 10.59;6782
01/04/2025 11.00;8057
01/04/2025 11.01;6235
01/04/2025 11.02;6433
01/04/2025 11.03;7568
01/04/2025 11.04;7614
01/04/2025 11.05;6851
01/04/2025 11.06;8722
01/04/2025 11.07;8845
01/04/2025 11.08;9057
01/04/2025 11.09;6431
01/04/2025 11.10;4891
01/04/2025 11.11;8325
01/04/2025 11.12;8602
01/04/2025 11.13;8590
01/04/2025 11.14;8533
01/04/2025 11.15;8640
01/04/2025 11.16;8288
01/04/2025 11.17;8632
01/04/2025 11.18;8699
01/04/2025 11.19;8777
01/04/2025 11.20;8866
01/04/2025 11.21;8921
01/04/2025 11.22;9013
01/04/2025 11.23;9057
01/04/2025 11.24;8851
01/04/2025 11.25;7731
01/04/2025 11.26;9243
01/04/2025 11.27;9255
01/04/2025 11.28;9263
01/04/2025 11.29;9333
01/04/2025 11.30;9465
01/04/2025 11.31;9476
01/04/2025 11.32;9504
01/04/2025 11.33;9502
01/04/2025 11.34;9530
01/04/2025 11.35;9599
01/04/2025 11.36;9611
01/04/2025 11.37;9644
01/04/2025 11.38;9668
01/04/2025 11.39;9690
01/04/2025 11.40;9737
01/04/2025 11.41;9758
01/04/2025 11.42;9764
01/04/2025 11.43;9843
01/04/2025 11.44;9870
01/04/2025 11.45;9907
01/04/2025 11.46;9896
01/04/2025 11.47;9942
01/04/2025 11.48;10007
01/04/2025 11.49;10055
01/04/2025 11.50;10096
01/04/2025 11.51;10119
01/04/2025 11.52;10127
01/04/2025 11.53;10190
01/04/2025 11.54;10206
01/04/2025 11.55;10248
01/04/2025 11.56;10175
01/04/2025 11.57;10193
01/04/2025 11.58;10206
01/04/2025 11.59;10187
01/04/2025 12.00;10131
01/04/2025 12.01;10202
01/04/2025 12.02;10207
01/04/2025 12.03;10183
01/04/2025 12.04;10249
01/04/2025 12.05;10263
01/04/2025 12.06;10282
01/04/2025 12.07;10278
01/04/2025 12.08;10348
01/04/2025 12.09;10251
01/04/2025 12.10;10301
01/04/2025 12.11;10244
01/04/2025 12.12;10298
01/04/2025 12.13;10314
01/04/2025 12.14;10391
01/04/2025 12.15;10427
01/04/2025 12.16;10428
01/04/2025 12.17;10475
01/04/2025 12.18;10497
01/04/2025 12.19;10532
01/04/2025 12.20;10550
01/04/2025 12.21;10592
01/04/2025 12.22;10617
01/04/2025 12.23;10528
01/04/2025 12.24;10542
01/04/2025 12.25;10501
01/04/2025 12.26;10560
01/04/2025 12.27;10585
01/04/2025 12.28;10642
01/04/2025 12.29;10659
01/04/2025 12.30;10620
01/04/2025 12.31;10598
01/04/2025 12.32;10663
01/04/2025 12.33;10622
01/04/2025 12.34;10702
01/04/2025 12.35;10770
01/04/2025 12.36;10743
01/04/2025 12.37;10840
01/04/2025 12.38;10774
01/04/2025 12.39;10879
01/04/2025 12.40;10876
01/04/2025 12.41;10884
01/04/2025 12.42;10803
01/04/2025 12.43;10765
01/04/2025 12.44;10712
01/04/2025 12.45;10645
01/04/2025 12.46;10699
01/04/2025 12.47;10747
01/04/2025 12.48;10697
01/04/2025 12.49;10823
01/04/2025 12.50;11013
01/04/2025 12.51;11032
01/04/2025 12.52;11017
01/04/2025 12.53;11011
01/04/2025 12.54;10976
01/04/2025 12.55;11062
01/04/2025 12.56;10991
01/04/2025 12.57;10957
01/04/2025 12.58;10995
01/04/2025 12.59;10966
01/04/2025 13.00;10932
01/04/2025 13.01;11027
01/04/2025 13.02;11011
01/04/2025 13.03;11119
01/04/2025 13.04;11364
01/04/2025 13.05;11394
01/04/2025 13.06;11357
01/04/2025 13.07;11427
01/04/2025 13.08;11481
01/04/2025 13.09;11514
01/04/2025 13.10;11524
01/04/2025 13.11;11557
01/04/2025 13.12;11491
01/04/2025 13.13;11575
01/04/2025 13.14;11620
01/04/2025 13.15;11604
01/04/2025 13.16;11624
01/04/2025 13.17;11707
01/04/2025 13.18;11761
01/04/2025 13.19;11770
01/04/2025 13.20;11834
01/04/2025 13.21;11759
01/04/2025 13.22;11740
01/04/2025 13.23;11857
01/04/2025 13.24;11910
01/04/2025 13.25;11892
01/04/2025 13.26;11914
01/04/2025 13.27;11946
01/04/2025 13.28;11913
01/04/2025 13.29;11994
01/04/2025 13.30;11957
01/04/2025 13.31;11991
01/04/2025 13.32;11942
01/04/2025 13.33;11966
01/04/2025 13.34;11877
01/04/2025 13.35;11984
01/04/2025 13.36;11961
01/04/2025 13.37;12054
01/04/2025 13.38;11989
01/04/2025 13.39;11987
01/04/2025 13.40;12011
01/04/2025 13.41;12080
01/04/2025 13.42;12100
01/04/2025 13.43;12043
01/04/2025 13.44;12057
01/04/2025 13.45;12055
01/04/2025 13.46;12122
01/04/2025 13.47;12121
01/04/2025 13.48;12145
01/04/2025 13.49;12129
01/04/2025 13.50;12108
01/04/2025 13.51;12105
01/04/2025 13.52;12054
01/04/2025 13.53;12095
01/04/2025 13.54;12090
01/04/2025 13.55;12028
01/04/2025 13.56;11885
01/04/2025 13.57;12085
01/04/2025 13.58;12046
01/04/2025 13.59;12030
01/04/2025 14.00;12069
01/04/2025 14.01;12092
01/04/2025 14.02;12026
01/04/2025 14.03;12007
01/04/2025 14.04;12018
01/04/2025 14.05;12034
01/04/2025 14.06;12035
01/04/2025 14.07;12026
01/04/2025 14.08;12037
01/04/2025 14.09;12047
01/04/2025 14.10;12027
01/04/2025 14.11;12031
01/04/2025 14.12;12010
01/04/2025 14.13;12021
01/04/2025 14.14;12030
01/04/2025 14.15;12021
01/04/2025 14.16;12043
01/04/2025 14.17;12021
01/04/2025 14.18;11879
01/04/2025 14.19;11525
01/04/2025 14.20;11464
01/04/2025 14.21;11881
01/04/2025 14.22;10937
01/04/2025 14.23;11431
01/04/2025 14.24;10604
01/04/2025 14.25;11469
01/04/2025 14.26;11485
01/04/2025 14.27;11560
01/04/2025 14.28;11838
01/04/2025 14.29;11856
01/04/2025 14.30;11938
01/04/2025 14.31;11948
01/04/2025 14.32;11935
01/04/2025 14.33;11891
01/04/2025 14.34;11841
01/04/2025 14.35;11829
01/04/2025 14.36;11823
01/04/2025 14.37;11813
01/04/2025 14.38;11815
01/04/2025 14.39;11765
01/04/2025 14.40;11752
01/04/2025 14.41;11757
01/04/2025 14.42;11719
01/04/2025 14.43;11709
01/04/2025 14.44;11708
01/04/2025 14.45;11694
01/04/2025 14.46;11683
01/04/2025 14.47;11649
01/04/2025 14.48;11617
01/04/2025 14.49;11606
01/04/2025 14.50;11572
01/04/2025 14.51;11555
01/04/2025 14.52;11554
01/04/2025 14.53;11553
01/04/2025 14.54;11528
01/04/2025 14.55;11482
01/04/2025 14.56;11416
01/04/2025 14.57;11405
01/04/2025 14.58;11405
01/04/2025 14.59;11362
01/04/2025 15.00;11335
01/04/2025 15.01;11336
01/04/2025 15.02;11320
01/04/2025 15.03;11327
01/04/2025 15.04;11337
01/04/2025 15.05;11273
01/04/2025 15.06;11270
01/04/2025 15.07;11283
01/04/2025 15.08;11311
01/04/2025 15.09;11241
01/04/2025 15.10;11239
01/04/2025 15.11;11189
01/04/2025 15.12;11159
01/04/2025 15.13;11154
01/04/2025 15.14;11158
01/04/2025 15.15;11110
01/04/2025 15.16;11104
01/04/2025 15.17;11093
01/04/2025 15.18;11087
01/04/2025 15.19;11046
01/04/2025 15.20;11055
01/04/2025 15.21;11024
01/04/2025 15.22;11013
01/04/2025 15.23;10987
01/04/2025 15.24;11001
01/04/2025 15.25;11003
01/04/2025 15.26;10985
01/04/2025 15.27;10945
01/04/2025 15.28;10914
01/04/2025 15.29;10874
01/04/2025 15.30;10863
01/04/2025 15.31;10766
01/04/2025 15.32;10703
01/04/2025 15.33;10722
01/04/2025 15.34;10712
01/04/2025 15.35;10665
01/04/2025 15.36;10626
01/04/2025 15.37;10578
01/04/2025 15.38;10560
01/04/2025 15.39;10571
01/04/2025 15.40;10574
01/04/2025 15.41;10536
01/04/2025 15.42;10523
01/04/2025 15.43;10468
01/04/2025 15.44;10441
01/04/2025 15.45;10395
01/04/2025 15.46;10340
01/04/2025 15.47;10313
01/04/2025 15.48;10285
01/04/2025 15.49;10251
01/04/2025 15.50;10216
01/04/2025 15.51;10190
01/04/2025 15.52;10131
01/04/2025 15.53;10119
01/04/2025 15.54;10101
01/04/2025 15.55;10063
01/04/2025 15.56;10011
01/04/2025 15.57;9937
01/04/2025 15.58;9942
01/04/2025 15.59;9915
01/04/2025 16.00;9906
01/04/2025 16.01;9889
01/04/2025 16.02;9842
01/04/2025 16.03;9815
01/04/2025 16.04;9782
01/04/2025 16.05;9743
01/04/2025 16.06;9710
01/04/2025 16.07;9683
01/04/2025 16.08;9631
01/04/2025 16.09;9581
01/04/2025 16.10;9527
01/04/2025 16.11;9511
01/04/2025 16.12;9476
01/04/2025 16.13;9401
01/04/2025 16.14;9348
01/04/2025 16.15;9295
01/04/2025 16.16;9323
01/04/2025 16.17;9257
01/04/2025 16.18;9203
01/04/2025 16.19;9184
01/04/2025 16.20;9192
01/04/2025 16.21;9104
01/04/2025 16.22;9046
01/04/2025 16.23;9076
01/04/2025 16.24;9052
01/04/2025 16.25;9001
01/04/2025 16.27;8961
01/04/2025 16.27;8940
01/04/2025 16.27;8944
01/04/2025 16.28;8883
01/04/2025 16.29;8797
01/04/2025 16.30;8776
01/04/2025 16.31;8761
01/04/2025 16.32;8774
01/04/2025 16.33;8771
01/04/2025 16.34;8751
01/04/2025 16.35;8692
01/04/2025 16.36;8644
01/04/2025 16.37;8623
01/04/2025 16.38;8589
01/04/2025 16.39;8527
01/04/2025 16.40;8481
01/04/2025 16.41;8472
01/04/2025 16.42;8424
01/04/2025 16.43;8413
01/04/2025 16.44;8376
01/04/2025 16.45;8371
01/04/2025 16.46;8310
01/04/2025 16.47;8217
01/04/2025 16.48;8168
01/04/2025 16.49;8123
01/04/2025 16.50;8086
01/04/2025 16.51;8049
01/04/2025 16.52;8002
01/04/2025 16.53;7948
01/04/2025 16.54;7925
01/04/2025 16.55;7779
01/04/2025 16.56;7660
01/04/2025 16.57;7266
01/04/2025 16.58;6655
01/04/2025 16.59;6347
01/04/2025 17.00;6047
01/04/2025 17.01;5941
01/04/2025 17.02;5740
01/04/2025 17.03;5479
01/04/2025 17.04;5191
01/04/2025 17.05;5030
01/04/2025 17.06;4718
01/04/2025 17.07;4713
01/04/2025 17.08;4625
01/04/2025 17.09;4417
01/04/2025 17.10;4277
01/04/2025 17.11;4123
01/04/2025 17.12;4076
01/04/2025 17.13;3921
01/04/2025 17.14;3688
01/04/2025 17.15;3339
01/04/2025 17.16;3299
01/04/2025 17.17;3219
01/04/2025 17.18;3011
01/04/2025 17.19;2757
01/04/2025 17.20;2448
01/04/2025 17.21;2189
01/04/2025 17.22;1930
01/04/2025 17.23;1692
01/04/2025 17.24;1439
01/04/2025 17.25;1297
01/04/2025 17.26;1146
01/04/2025 17.27;1026
01/04/2025 17.28;1000
01/04/2025 17.29;971
01/04/2025 17.30;975
01/04/2025 17.31;979
01/04/2025 17.32;1001
01/04/2025 17.33;987
01/04/2025 17.34;996
01/04/2025 17.35;998
01/04/2025 17.36;999
01/04/2025 17.37;1012
01/04/2025 17.38;1023
01/04/2025 17.39;1030
01/04/2025 17.40;1061
01/04/2025 17.41;1070
01/04/2025 17.42;1092
01/04/2025 17.43;1098
01/04/2025 17.44;1137
01/04/2025 17.45;1173
01/04/2025 17.46;1197
01/04/2025 17.47;1255
01/04/2025 17.48;1297
01/04/2025 17.49;1316
01/04/2025 17.50;1305
01/04/2025 17.51;1331
01/04/2025 17.52;1351
01/04/2025 17.53;1308
01/04/2025 17.54;1295
01/04/2025 17.55;1250
01/04/2025 17.56;1217
01/04/2025 17.58;1164
01/04/2025 17.59;1155
01/04/2025 18.00;1198
01/04/2025 18.01;1263
01/04/2025 18.02;1273
01/04/2025 18.03;1252
01/04/2025 18.04;1251
01/04/2025 18.05;1245
01/04/2025 18.06;1236
01/04/2025 18.07;1229
01/04/2025 18.08;1198
01/04/2025 18.09;1180
01/04/2025 18.10;1154
01/04/2025 18.11;1127
01/04/2025 18.12;1088
01/04/2025 18.13;1048
01/04/2025 18.14;1028
01/04/2025 18.15;994
01/04/2025 18.16;945
01/04/2025 18.17;894
01/04/2025 18.18;862
01/04/2025 18.19;828
01/04/2025 18.20;817
01/04/2025 18.21;809
01/04/2025 18.22;799
01/04/2025 18.23;781
01/04/2025 18.24;781
01/04/2025 18.25;752
01/04/2025 18.26;743
01/04/2025 18.27;727
01/04/2025 18.28;716
01/04/2025 18.29;714
01/04/2025 18.30;702
01/04/2025 18.31;690
01/04/2025 18.32;686
01/04/2025 18.33;686
01/04/2025 18.34;687
01/04/2025 18.35;685
01/04/2025 18.36;682
01/04/2025 18.37;666
01/04/2025 18.38;669
01/04/2025 18.39;682
01/04/2025 18.40;687
01/04/2025 18.41;688
01/04/2025 18.42;688
01/04/2025 18.43;696
01/04/2025 18.44;698
01/04/2025 18.45;700
01/04/2025 18.46;700
01/04/2025 18.47;686
01/04/2025 18.48;682
01/04/2025 18.49;685
01/04/2025 18.50;671
01/04/2025 18.51;656
01/04/2025 18.52;644
01/04/2025 18.53;640
01/04/2025 18.54;632
01/04/2025 18.55;619
01/04/2025 18.56;610
01/04/2025 18.57;605
01/04/2025 18.58;609
01/04/2025 18.59;601
01/04/2025 19.00;600
01/04/2025 19.03;585
01/04/2025 19.04;580
01/04/2025 19.05;574
01/04/2025 19.06;568
01/04/2025 19.07;560
01/04/2025 19.08;550
01/04/2025 19.09;541
01/04/2025 19.10;533
01/04/2025 19.11;525
01/04/2025 19.12;512
01/04/2025 19.13;500
01/04/2025 19.14;490
01/04/2025 19.15;478
01/04/2025 19.16;464
01/04/2025 19.17;451
01/04/2025 19.18;439
01/04/2025 19.19;429
01/04/2025 19.20;419
01/04/2025 19.21;409
01/04/2025 19.22;402
01/04/2025 19.23;393
01/04/2025 19.24;386
01/04/2025 19.25;379
01/04/2025 19.26;371
01/04/2025 19.27;364
01/04/2025 19.28;354
01/04/2025 19.29;346
01/04/2025 19.30;342
01/04/2025 19.31;334
01/04/2025 19.32;327
01/04/2025 19.33;318
01/04/2025 19.34;309
01/04/2025 19.35;297
01/04/2025 19.36;286
01/04/2025 19.37;276
01/04/2025 19.38;265
01/04/2025 19.39;255
01/04/2025 19.40;244
01/04/2025 19.41;229
01/04/2025 19.42;226
01/04/2025 19.43;220
01/04/2025 19.44;208
01/04/2025 19.45;198
01/04/2025 19.46;188
01/04/2025 19.47;177
01/04/2025 19.48;170
01/04/2025 19.49;160
01/04/2025 19.50;151
01/04/2025 19.51;143
01/04/2025 19.52;137
01/04/2025 19.53;128
01/04/2025 19.54;122
01/04/2025 19.55;114
01/04/2025 19.56;108
01/04/2025 19.57;103
01/04/2025 19.58;96
01/04/2025 19.59;89
01/04/2025 20.00;80
01/04/2025 20.01;75
01/04/2025 20.02;67
01/04/2025 20.03;59
01/04/2025 20.04;54
01/04/2025 20.05;47
01/04/2025 20.06;42
01/04/2025 20.07;37
01/04/2025 20.08;33
01/04/2025 20.09;29
01/04/2025 20.10;24
01/04/2025 20.11;22
01/04/2025 20.12;18
01/04/2025 20.13;16
01/04/2025 20.14;14
01/04/2025 20.15;11
01/04/2025 20.16;10
01/04/2025 20.17;9
01/04/2025 20.18;9
01/04/2025 20.19;7
01/04/2025 20.20;7
01/04/2025 20.21;5
01/04/2025 20.22;5
01/04/2025 20.23;5
01/04/2025 20.24;5
01/04/2025 20.25;4
01/04/2025 20.26;5
01/04/2025 20.27;4
01/04/2025 20.28;3
01/04/2025 20.29;4
01/04/2025 20.30;6
01/04/2025 20.31;3
01/04/2025 20.32;3
01/04/2025 20.33;3
01/04/2025 20.34;3
01/04/2025 20.35;3
01/04/2025 20.36;3
01/04/2025 20.37;4
01/04/2025 20.38;4
01/04/2025 20.39;3
01/04/2025 20.40;3
01/04/2025 20.41;3
01/04/2025 20.42;3
01/04/2025 20.43;3
01/04/2025 20.44;3
01/04/2025 20.45;2
01/04/2025 20.46;4
01/04/2025 20.47;4
01/04/2025 20.48;1
01/04/2025 20.49;2
01/04/2025 20.50;3
01/04/2025 20.51;1
01/04/2025 20.52;2
01/04/2025 20.53;1
01/04/2025 20.54;1
01/04/2025 20.55;4
01/04/2025 20.56;5
01/04/2025 20.57;4
01/04/2025 20.58;3
